County, Sex, Xiang, Q005, Q006, Q012, Q013, Q014, Q019, Q022, Q027, Q028, Q029, Q030, Q053, Q054, Q055, Q056, Q057, Q058, Q059, Q060, Q061, Q062, Q063, Q064, Q065, Q066, Q067, Q068, Q069, Q089, Q090, Q091, Q092, Q099, Q100, Q101, Q102, Q103, Q104, Q105, Q106, Q107, Q108, Q109, Q110, Q111, Q112, Q113, Q114, Q115, Q116, Q117, Q118, Q128, Q129, Q130, Q131, Q132, Q133, Q134, Q135, Q136, Q137, Q138, Q139, Q140, Q141, Q142, Q143, Q144, Q145, Q146, Q147, Q148, Q157, Q158, Q159, Q160, Q161, Q162, Q163, Q164, Q166, Q167, Q168, Q169, Q170, Q171, Q172, Q173, Q174, Q175, Q176, Q177, Q178, Q179, Q180, Q181, Q182, Q183, Q184, Q185, Q186, Q187, Q188, Q190, Q191, Q192, 
AC,M,1,  0.0 ,  0.0 ,  4.2 ,  0.0 ,  4.2 , 41.7 ,  4.2 , 29.2 , 12.5 , 41.7 , 58.3 ,  0.0 , 12.5 ,  0.0 ,  0.0 , 12.5 , 87.5 ,  0.0 , 41.7 , 37.5 ,  0.0 ,  0.0 , 37.5 , 20.8 ,  0.0 , 1.0  ,.     ,.     ,54.4  ,160   ,54.3  ,21.3  , 16.7 ,  8.3 ,  4.5 , 16.7 ,  4.2 , 16.7 , 1.1  ,  4.2 ,  0.0 ,122   ,81.3  ,101.8 ,2.57  ,3.50  ,2.68  ,2.44  ,3.33  ,2.56  , 1.5  , 0.0  , 83.3 , 79.2 , 79.2 ,.     ,26.0  ,.     , 45.8 ,.     , 83.3 ,12.7  ,12.7  ,.     , 0.00 ,14.70 , 0.00 ,.     ,  4.2 ,  0.0 ,  0.0 ,  0.0 ,  0.0 ,529.5 , 20.1 ,  4.3 ,  0.0 ,  0.0 ,  7.9 ,  5.5 , 23.8 , 62.5 , 50.0 , 1.6  ,22.2  , 98.0 , 18   ,338   ,107.3 , 62.0 ,200.0 , 99.5 ,  5.0 ,  0.0 , 50.0 ,  0.0 , 62.5 ,  0.0 ,  0.0 , 62.5 ,.     ,.     ,.     ,.     ,.     ,.     ,.     ,
AC,M,2,  0.0 ,  0.0 ,  0.0 ,  0.0 ,  0.0 , 46.7 ,  0.0 , 23.3 , 10.0 , 40.0 , 76.7 ,  0.0 ,  0.0 ,  0.0 ,  0.0 ,  0.0 ,100.0 ,  0.0 ,  0.0 ,  0.0 ,  0.0 ,  0.0 ,  0.0 ,100.0 ,  0.0 , 1.0  ,.     ,.     ,51.7  ,166   ,58.4  ,21.2  ,  6.7 ,  6.7 ,  6.7 ,  6.7 ,  6.7 ,  6.7 , 1.2  , 10.0 ,  0.0 ,122   ,79.9  ,101.0 ,2.50  ,3.33  ,2.55  ,2.57  ,3.42  ,2.61  , 1.1  , 0.2  , 83.3 , 76.7 , 76.7 ,.     ,21.0  ,.     , 57.1 ,.     , 76.7 ,11.5  ,11.5  ,.     , 0.00 ,13.30 , 0.00 ,.     ,  0.0 ,  0.0 ,  3.3 ,  0.0 ,  0.0 ,579.2 ,  3.9 ,  0.0 ,  0.0 ,  0.0 ,  0.5 ,  2.7 , 18.3 , 46.7 , 36.7 , 0.8  ,17.5  , 82.5 , 24   ,264   , 50.2 , 75.2 ,124.4 , 72.4 ,  0.0 ,  0.0 , 58.3 ,  0.0 , 60.7 ,  0.0 ,  0.0 , 60.7 ,.     ,.     ,.     ,.     ,.     ,.     ,.     ,
AC,M,3,  0.0 ,  0.0 ,  2.1 ,  0.0 ,  2.1 , 44.2 ,  2.1 , 26.3 , 11.3 , 40.9 , 67.5 ,  0.0 ,  6.3 ,  0.0 ,  0.0 ,  6.3 , 93.8 ,  0.0 , 20.9 , 18.8 ,  0.0 ,  0.0 , 18.8 , 60.4 ,  0.0 , 1.0  ,.     ,.     ,53.1  ,163   ,56.4  ,21.3  , 11.7 ,  7.5 ,  5.6 , 11.7 ,  5.5 , 11.7 , 1.2  ,  7.1 ,  0.0 ,122   ,80.6  ,101.4 ,2.54  ,3.42  ,2.62  ,2.50  ,3.38  ,2.58  , 1.3  , 0.1  , 83.3 , 78.0 , 78.0 ,.     ,23.5  ,.     , 51.5 ,.     , 80.0 ,12.1  ,12.1  ,.     , 0.00 ,14.00 , 0.00 ,.     ,  2.1 ,  0.0 ,  1.6 ,  0.0 ,  0.0 ,554.4 , 12.0 ,  2.1 ,  0.0 ,  0.0 ,  4.2 ,  4.1 , 21.1 , 54.6 , 43.4 , 1.2  ,19.9  , 90.3 , 21   ,301   , 78.8 , 68.6 ,162.2 , 86.0 ,  2.5 ,  0.0 , 54.1 ,  0.0 , 61.6 ,  0.0 ,  0.0 , 61.6 ,.     ,.     ,.     ,.     ,.     ,.     ,.     ,
AC,F,1,  4.0 ,  0.0 ,  4.0 ,  8.0 ,  0.0 , 20.0 ,  0.0 ,  0.0 ,  0.0 ,  0.0 , 48.0 ,  0.0 , 16.0 ,  0.0 ,  0.0 , 16.0 , 84.0 ,  0.0 , 44.0 , 44.0 ,  0.0 ,  0.0 , 44.0 ,  8.0 ,  4.0 ,.     , 1.7  ,.     ,52.9  ,154   ,50.2  ,21.1  , 36.0 , 24.0 , 13.6 ,  4.0 ,  4.0 ,  4.0 , 0.5  ,  8.0 ,  8.0 ,122   ,79.7  ,101.0 ,1.89  ,2.51  ,1.83  ,1.84  ,2.46  ,1.79  , 1.3  , 0.2  ,  0.0 ,  0.0 ,.     ,  0.0 ,.     ,  .   ,.     ,  0.0 ,  0.0 , 0.0  ,.     , 0.0  , 0.00 , 0.00 ,.     , 0.00 ,  0.0 ,  0.0 ,  0.0 ,  0.0 ,  0.0 ,503.6 ,  4.9 ,  2.1 ,  0.0 ,  0.0 ,  5.9 ,  8.1 , 19.6 , 60.0 , 48.0 , 1.6  ,18.0  , 61.3 , 60   ,308   , 70.0 , 53.2 ,156.0 , 70.6 ,  0.0 ,  0.0 , 37.5 ,  0.0 , 41.7 ,  0.0 ,  0.0 , 41.7 ,17.1  ,27.5  , 3.9  ,50.0  ,3.5   ,0.4   ,2.9   ,
AC,F,2,  3.2 ,  0.0 ,  0.0 ,  9.7 ,  0.0 ,  0.0 ,  0.0 ,  0.0 ,  0.0 ,  9.7 , 48.4 ,  0.0 ,  0.0 ,  0.0 ,  0.0 ,  0.0 ,100.0 ,  0.0 ,  3.2 ,  0.0 ,  0.0 ,  0.0 ,  0.0 , 93.5 ,  3.2 ,.     , 1.9  ,.     ,53.4  ,152   ,50.3  ,21.7  , 12.9 ,  6.5 ,  3.4 ,  3.2 ,  3.2 ,  3.2 , 0.6  ,  3.2 ,  3.2 ,124   ,78.1  ,101.0 ,1.85  ,2.35  ,1.77  ,1.78  ,2.27  ,1.68  , 1.4  , 0.1  ,  0.0 ,  0.0 ,.     ,  0.0 ,.     ,  .   ,.     ,  0.0 ,  0.0 , 0.0  ,.     , 0.0  , 0.00 , 0.00 ,.     , 0.00 ,  0.0 ,  0.0 ,  0.0 ,  0.0 ,  0.0 ,468.4 ,  0.3 ,  0.3 ,  0.0 ,  0.0 ,  1.1 ,  0.9 , 18.3 , 45.2 , 41.9 , 0.7  ,17.6  , 47.1 , 65   ,271   , 47.2 , 52.6 , 67.7 , 98.7 ,  0.0 ,  0.0 , 20.0 ,  0.0 , 30.0 ,  0.0 ,  0.0 , 30.0 ,16.8  ,28.7  , 3.9  ,49.0  ,3.7   ,0.7   ,3.1   ,
AC,F,3,  3.6 ,  0.0 ,  2.0 ,  8.8 ,  0.0 , 10.0 ,  0.0 ,  0.0 ,  0.0 ,  4.8 , 48.2 ,  0.0 ,  8.0 ,  0.0 ,  0.0 ,  8.0 , 92.0 ,  0.0 , 23.6 , 22.0 ,  0.0 ,  0.0 , 22.0 , 50.8 ,  3.6 ,.     , 1.8  ,.     ,53.1  ,153   ,50.3  ,21.4  , 24.4 , 15.3 ,  8.5 ,  3.6 ,  3.6 ,  3.6 , 0.6  ,  5.6 ,  5.6 ,123   ,78.9  ,101.0 ,1.87  ,2.43  ,1.80  ,1.81  ,2.37  ,1.74  , 1.4  , 0.2  ,  0.0 ,  0.0 ,.     ,  0.0 ,.     ,.     ,.     ,  0.0 ,  0.0 , 0.0  ,.     , 0.0  , 0.00 , 0.00 ,.     , 0.00 ,  0.0 ,  0.0 ,  0.0 ,  0.0 ,  0.0 ,486.0 ,  2.6 ,  1.2 ,  0.0 ,  0.0 ,  3.5 ,  4.5 , 19.0 , 52.6 , 45.0 , 1.2  ,17.8  , 54.2 , 63   ,290   , 58.6 , 52.9 ,111.9 , 84.7 ,  0.0 ,  0.0 , 28.8 ,  0.0 , 35.9 ,  0.0 ,  0.0 , 35.9 ,17.0  ,28.1  , 3.9  ,49.5  ,3.6   ,0.6   ,3.0   ,
AC,T,1,.     ,.     ,.     ,.     ,.     ,.     ,.     ,.     ,.     ,.     ,.     ,.     ,.     ,.     ,.     ,.     ,.     ,.     ,.     ,.     ,.     ,.     ,.     ,.     ,.     ,.     ,.     , 65.3 ,.     ,.     ,.     ,.     ,.     ,.     ,.     ,.     ,.     ,.     ,.     ,.     ,.     ,.     ,.     ,.     ,.     ,.     ,.     ,.     ,.     ,.     ,.     ,.     ,.     ,.     ,.     ,.     ,.     ,.     ,.     ,.     ,.     ,.     ,.     ,.     ,.     ,.     ,.     ,.     ,.     ,.     ,.     ,.     ,.     ,.     ,.     ,.     ,.     ,.     ,.     ,.     ,.     ,.     ,.     ,.     ,.     ,.     ,.     ,.     ,.     ,.     ,.     ,.     ,.     ,.     ,.     ,.     ,.     ,.     ,.     ,.     ,.     ,.     ,.     ,.     ,.     ,.     ,.     ,
AC,T,2,.     ,.     ,.     ,.     ,.     ,.     ,.     ,.     ,.     ,.     ,.     ,.     ,.     ,.     ,.     ,.     ,.     ,.     ,.     ,.     ,.     ,.     ,.     ,.     ,.     ,.     ,.     ,  1.6 ,.     ,.     ,.     ,.     ,.     ,.     ,.     ,.     ,.     ,.     ,.     ,.     ,.     ,.     ,.     ,.     ,.     ,.     ,.     ,.     ,.     ,.     ,.     ,.     ,.     ,.     ,.     ,.     ,.     ,.     ,.     ,.     ,.     ,.     ,.     ,.     ,.     ,.     ,.     ,.     ,.     ,.     ,.     ,.     ,.     ,.     ,.     ,.     ,.     ,.     ,.     ,.     ,.     ,.     ,.     ,.     ,.     ,.     ,.     ,.     ,.     ,.     ,.     ,.     ,.     ,.     ,.     ,.     ,.     ,.     ,.     ,.     ,.     ,.     ,.     ,.     ,.     ,.     ,.     ,
AC,T,3,  1.8 ,  0.0 ,  2.1 ,  4.4 ,  1.1 , 27.1 ,  1.1 , 13.1 ,  5.6 , 22.9 , 57.9 ,  0.0 ,  7.1 ,  0.0 ,  0.0 ,  7.1 , 92.9 ,  0.0 , 22.2 , 20.4 ,  0.0 ,  0.0 , 20.4 , 55.6 ,  1.8 ,.     ,.     , 33.4 ,53.1  ,158   ,53.3  ,21.3  , 18.1 , 11.4 ,  7.1 ,  7.6 ,  4.5 ,  7.6 , 0.9  ,  6.4 ,  2.8 ,123   ,79.8  ,101.2 ,2.20  ,2.92  ,2.21  ,2.16  ,2.87  ,2.16  , 1.3  , 0.1  , 41.6 , 39.0 ,.     ,.     ,.     ,.     ,.     ,.     , 40.0 , 6.0  ,.     ,.     , 0.00 , 7.00 ,.     ,.     ,  1.1 ,  0.0 ,  0.8 ,  0.0 ,  0.0 ,520.2 ,  7.3 ,  1.7 ,  0.0 ,  0.0 ,  3.9 ,  4.3 , 20.0 , 53.6 , 44.2 , 1.2  ,18.8  , 72.2 , 42   ,295   , 68.7 , 60.8 ,137.0 , 85.3 ,  1.3 ,  0.0 , 41.5 ,  0.0 , 48.7 ,  0.0 ,  0.0 , 48.7 ,.     ,.     ,.     ,.     ,.     ,.     ,.     ,
BA,M,1,  3.2 ,  0.0 ,  0.0 ,  0.0 ,  0.0 , 45.2 ,  6.5 , 32.3 , 12.9 , 22.6 , 87.1 ,  0.0 ,  3.2 ,  9.7 , 77.4 , 90.3 ,  9.7 ,  0.0 ,  3.2 , 67.7 ,  9.7 , 19.4 , 96.8 ,  0.0 ,  0.0 , 0.3  ,.     ,.     ,49.6  ,166   ,60.5  ,22.0  ,  9.7 ,  9.7 ,  0.0 , 25.8 , 12.9 , 25.8 , 2.9  ,  9.7 ,  6.5 ,126   ,86.5  ,106.0 ,2.67  ,3.43  ,2.76  ,2.68  ,3.44  ,2.77  , 0.8  , 0.3  , 71.0 , 64.5 , 64.5 ,.     ,21.5  ,.     , 51.6 ,.     , 71.0 ,13.5  ,13.5  ,.     , 0.00 ,15.64 , 0.00 ,.     ,  0.0 ,  3.2 ,  0.0 ,  0.0 ,  0.0 , 45.2 ,423.5 , 71.1 ,  0.0 , 23.2 ,  7.6 , 28.1 , 15.3 ,  0.0 ,  0.0 , 1.1  ,14.2  , 54.2 , 24   ,217   , 20.9 ,  5.8 , 80.5 , 76.3 ,  0.0 , 56.5 ,  0.0 , 56.5 ,  0.0 ,  0.0 ,  0.0 ,  0.0 ,.     ,.     ,.     ,.     ,.     ,.     ,.     ,
BA,M,2,  3.4 ,  0.0 ,  0.0 ,  0.0 ,  0.0 , 51.7 , 13.8 , 17.2 ,  6.9 , 24.1 , 55.2 ,  0.0 ,  0.0 , 20.7 , 75.9 , 96.6 ,  3.4 ,  0.0 ,  0.0 , 31.0 , 20.7 , 44.8 , 96.6 ,  3.4 ,  0.0 , 0.3  ,.     ,.     ,51.4  ,164   ,56.9  ,21.0  , 13.8 , 10.3 ,  7.1 , 31.0 , 10.3 , 27.6 , 3.3  , 10.3 , 10.3 ,122   ,77.8  , 99.9 ,2.78  ,3.73  ,2.70  ,2.79  ,3.75  ,2.69  , 1.5  , 0.1  , 93.1 , 89.7 , 89.7 ,.     ,21.6  ,.     , 69.0 ,.     , 93.1 ,16.7  ,16.7  ,.     , 0.00 ,19.33 , 0.00 ,.     ,  3.4 ,  3.4 ,  3.4 ,  0.0 ,  0.0 , 37.5 ,450.9 , 88.4 ,  0.0 , 28.2 , 10.6 , 66.6 , 15.2 ,  0.0 ,  0.0 , 0.5  ,14.7  , 51.1 , 22   ,252   , 19.6 ,  6.6 ,100.7 ,104.3 ,  0.0 , 42.1 ,  0.0 , 42.1 ,  0.0 ,  5.3 ,  0.0 ,  5.3 ,.     ,.     ,.     ,.     ,.     ,.     ,.     ,
BA,M,3,  3.3 ,  0.0 ,  0.0 ,  0.0 ,  0.0 , 48.5 , 10.2 , 24.8 ,  9.9 , 23.4 , 71.2 ,  0.0 ,  1.6 , 15.2 , 76.7 , 93.5 ,  6.5 ,  0.0 ,  1.6 , 49.4 , 15.2 , 32.1 , 96.7 ,  1.7 ,  0.0 , 0.3  ,.     ,.     ,50.5  ,165   ,58.7  ,21.5  , 11.8 , 10.0 ,  3.5 , 28.4 , 11.6 , 26.7 , 3.1  , 10.0 ,  8.4 ,124   ,82.2  ,103.0 ,2.73  ,3.58  ,2.73  ,2.74  ,3.60  ,2.73  , 1.2  , 0.2  , 82.0 , 77.1 , 77.1 ,.     ,21.6  ,.     , 60.3 ,.     , 82.0 ,15.1  ,15.1  ,.     , 0.00 ,17.48 , 0.00 ,.     ,  1.7 ,  3.3 ,  1.7 ,  0.0 ,  0.0 , 41.4 ,437.2 , 79.8 ,  0.0 , 25.7 ,  9.1 , 47.4 , 15.3 ,  0.0 ,  0.0 , 0.8  ,14.4  , 52.7 , 23   ,235   , 20.3 ,  6.2 , 90.6 , 90.3 ,  0.0 , 49.3 ,  0.0 , 49.3 ,  0.0 ,  2.6 ,  0.0 ,  2.6 ,.     ,.     ,.     ,.     ,.     ,.     ,.     ,
BA,F,1,  3.1 ,  0.0 ,  0.0 ,  0.0 ,  0.0 ,  6.3 ,  0.0 ,  6.3 ,  0.0 ,  9.4 , 75.0 ,  0.0 ,  6.3 , 18.8 , 71.9 , 96.9 ,  3.1 ,  0.0 ,  0.0 , 75.0 ,  6.3 , 18.8 ,100.0 ,  0.0 ,  0.0 ,.     , 3.0  ,.     ,49.6  ,155   ,59.6  ,24.8  , 12.5 , 12.5 , 12.5 , 15.6 ,  0.0 ,  9.4 , 0.2  ,  3.1 ,  3.1 ,129   ,85.6  ,107.5 ,2.10  ,2.62  ,2.33  ,2.14  ,2.66  ,2.38  , 1.1  , 0.0  ,  0.0 ,  0.0 ,.     ,  0.0 ,.     ,  .   ,.     ,  0.0 ,  0.0 , 0.0  ,.     , 0.0  , 0.00 , 0.00 ,.     , 0.00 ,  0.0 ,  0.0 ,  0.0 ,  0.0 ,  0.0 , 37.2 ,408.1 , 77.1 ,  0.0 , 14.6 ,  6.8 , 27.4 , 13.6 ,  0.0 ,  0.0 , 0.8  ,12.8  , 24.0 , 20   ,266   , 29.7 ,  4.4 , 97.1 , 42.0 ,  0.0 ,  6.3 ,  0.0 ,  6.3 ,  0.0 ,  0.0 ,  0.0 ,  0.0 ,17.6  ,28.9  , 4.6  ,48.0  ,6.0   ,0.5   ,5.4   ,
BA,F,2,  5.9 ,  0.0 ,  0.0 ,  0.0 ,  0.0 ,  5.9 ,  2.9 ,  0.0 ,  0.0 ,  8.8 , 47.1 ,  0.0 ,  0.0 ,  5.9 , 91.2 , 97.1 ,  2.9 ,  0.0 ,  0.0 , 44.1 , 11.8 , 44.1 ,100.0 ,  0.0 ,  0.0 ,.     , 3.6  ,.     ,47.4  ,154   ,52.4  ,22.1  , 29.4 , 23.5 , 18.8 , 17.6 ,  5.9 , 17.6 , 1.6  , 17.6 ,  5.9 ,122   ,76.8  , 99.3 ,2.06  ,2.46  ,2.26  ,2.16  ,2.58  ,2.40  , 1.0  , 0.0  ,  0.0 ,  0.0 ,.     ,  0.0 ,.     ,  .   ,.     ,  0.0 ,  0.0 , 0.0  ,.     , 0.0  , 0.00 , 0.00 ,.     , 0.00 ,  0.0 ,  0.0 ,  0.0 ,  0.0 ,  0.0 , 47.4 ,434.9 , 87.6 ,  1.0 , 21.4 ,  7.5 , 53.1 , 16.9 ,  2.9 ,  2.9 , 0.4  ,16.6  , 31.1 , 18   ,246   , 18.7 ,  7.7 , 70.1 , 63.9 ,  0.0 , 33.3 ,  0.0 , 33.3 ,  0.0 ,  0.0 ,  0.0 ,  0.0 ,16.9  ,29.4  , 4.5  ,48.0  ,4.5   ,0.8   ,3.7   ,
BA,F,3,  4.5 ,  0.0 ,  0.0 ,  0.0 ,  0.0 ,  6.1 ,  1.4 ,  3.1 ,  0.0 ,  9.1 , 61.1 ,  0.0 ,  3.1 , 12.4 , 81.6 , 97.0 ,  3.0 ,  0.0 ,  0.0 , 59.6 ,  9.1 , 31.5 ,100.0 ,  0.0 ,  0.0 ,.     , 3.3  ,.     ,48.5  ,155   ,56.0  ,23.5  , 20.9 , 18.0 , 15.7 , 16.6 ,  3.0 , 13.5 , 0.9  , 10.4 ,  4.5 ,126   ,81.2  ,103.4 ,2.08  ,2.54  ,2.29  ,2.15  ,2.62  ,2.39  , 1.1  , 0.0  ,  0.0 ,  0.0 ,.     ,  0.0 ,.     ,.     ,.     ,  0.0 ,  0.0 , 0.0  ,.     , 0.0  , 0.00 , 0.00 ,.     , 0.00 ,  0.0 ,  0.0 ,  0.0 ,  0.0 ,  0.0 , 42.3 ,421.5 , 82.3 ,  0.5 , 18.0 ,  7.2 , 40.3 , 15.3 ,  1.4 ,  1.4 , 0.6  ,14.7  , 27.6 , 19   ,256   , 24.2 ,  6.1 , 83.6 , 53.0 ,  0.0 , 19.8 ,  0.0 , 19.8 ,  0.0 ,  0.0 ,  0.0 ,  0.0 ,17.3  ,29.1  , 4.5  ,48.0  ,5.3   ,0.7   ,4.6   ,
BA,T,1,.     ,.     ,.     ,.     ,.     ,.     ,.     ,.     ,.     ,.     ,.     ,.     ,.     ,.     ,.     ,.     ,.     ,.     ,.     ,.     ,.     ,.     ,.     ,.     ,.     ,.     ,.     ,100.0 ,.     ,.     ,.     ,.     ,.     ,.     ,.     ,.     ,.     ,.     ,.     ,.     ,.     ,.     ,.     ,.     ,.     ,.     ,.     ,.     ,.     ,.     ,.     ,.     ,.     ,.     ,.     ,.     ,.     ,.     ,.     ,.     ,.     ,.     ,.     ,.     ,.     ,.     ,.     ,.     ,.     ,.     ,.     ,.     ,.     ,.     ,.     ,.     ,.     ,.     ,.     ,.     ,.     ,.     ,.     ,.     ,.     ,.     ,.     ,.     ,.     ,.     ,.     ,.     ,.     ,.     ,.     ,.     ,.     ,.     ,.     ,.     ,.     ,.     ,.     ,.     ,.     ,.     ,.     ,
BA,T,2,.     ,.     ,.     ,.     ,.     ,.     ,.     ,.     ,.     ,.     ,.     ,.     ,.     ,.     ,.     ,.     ,.     ,.     ,.     ,.     ,.     ,.     ,.     ,.     ,.     ,.     ,.     , 88.9 ,.     ,.     ,.     ,.     ,.     ,.     ,.     ,.     ,.     ,.     ,.     ,.     ,.     ,.     ,.     ,.     ,.     ,.     ,.     ,.     ,.     ,.     ,.     ,.     ,.     ,.     ,.     ,.     ,.     ,.     ,.     ,.     ,.     ,.     ,.     ,.     ,.     ,.     ,.     ,.     ,.     ,.     ,.     ,.     ,.     ,.     ,.     ,.     ,.     ,.     ,.     ,.     ,.     ,.     ,.     ,.     ,.     ,.     ,.     ,.     ,.     ,.     ,.     ,.     ,.     ,.     ,.     ,.     ,.     ,.     ,.     ,.     ,.     ,.     ,.     ,.     ,.     ,.     ,.     ,
BA,T,3,  3.9 ,  0.0 ,  0.0 ,  0.0 ,  0.0 , 27.3 ,  5.8 , 13.9 ,  5.0 , 16.2 , 66.1 ,  0.0 ,  2.4 , 13.8 , 79.1 , 95.2 ,  4.8 ,  0.0 ,  0.8 , 54.5 , 12.1 , 31.8 , 98.4 ,  0.8 ,  0.0 ,.     ,.     , 94.5 ,49.5  ,160   ,57.4  ,22.5  , 16.4 , 14.0 ,  9.6 , 22.5 ,  7.3 , 20.1 , 2.0  , 10.2 ,  6.5 ,125   ,81.7  ,103.2 ,2.40  ,3.06  ,2.51  ,2.44  ,3.11  ,2.56  , 1.1  , 0.1  , 41.0 , 38.6 ,.     ,.     ,.     ,.     ,.     ,.     , 41.0 , 7.5  ,.     ,.     , 0.00 , 8.74 ,.     ,.     ,  0.8 ,  1.7 ,  0.8 ,  0.0 ,  0.0 , 41.8 ,429.4 , 81.0 ,  0.3 , 21.9 ,  8.1 , 43.8 , 15.3 ,  0.7 ,  0.7 , 0.7  ,14.6  , 40.1 , 21   ,245   , 22.2 ,  6.1 , 87.1 , 71.6 ,  0.0 , 34.6 ,  0.0 , 34.6 ,  0.0 ,  1.3 ,  0.0 ,  1.3 ,.     ,.     ,.     ,.     ,.     ,.     ,.     ,
CB,M,1,  0.0 ,  0.0 ,  0.0 ,  0.0 ,  0.0 , 61.1 ,  8.3 , 38.9 , 27.8 , 52.8 , 97.2 ,  0.0 ,  0.0 ,  0.0 ,100.0 ,100.0 ,  0.0 ,  0.0 ,  0.0 ,  0.0 , 38.9 , 61.1 ,100.0 ,  0.0 ,  0.0 , 0.7  ,.     ,.     ,43.9  ,166   ,62.7  ,22.7  ,  8.3 ,  5.6 ,  0.0 ,  8.3 ,  8.3 ,  8.3 , 0.5  , 11.1 ,  5.6 ,119   ,74.5  , 96.5 ,2.64  ,3.21  ,2.56  ,2.93  ,3.53  ,2.96  , 0.3  , 0.1  , 77.8 , 77.8 , 77.8 ,.     ,20.2  ,.     , 75.0 ,.     , 77.8 ,15.2  ,15.2  ,.     , 0.20 ,17.69 , 0.20 ,.     ,  0.0 ,  0.0 ,  0.0 ,  0.0 ,  0.0 , 91.3 ,322.3 ,126.7 ,  2.5 ,150.3 , 14.3 ,  0.0 , 15.4 ,  0.0 ,  0.0 , 0.8  ,14.6  , 51.8 , 60   , 55   , 22.3 ,  0.0 , 40.7 ,154.7 ,  0.0 , 61.9 ,  0.0 , 61.9 ,  0.0 ,  0.0 ,  0.0 ,  0.0 ,.     ,.     ,.     ,.     ,.     ,.     ,.     ,
CB,M,2,  0.0 ,  3.0 ,  0.0 ,  0.0 ,  0.0 , 24.2 ,  3.0 ,  3.0 ,  0.0 , 15.2 , 60.6 ,  0.0 ,  0.0 ,  0.0 , 90.9 , 90.9 ,  9.1 ,  0.0 ,  0.0 ,  0.0 ,  0.0 ,100.0 ,100.0 ,  0.0 ,  0.0 , 0.2  ,.     ,.     ,48.6  ,164   ,60.4  ,22.6  ,  0.0 ,  0.0 ,  0.0 ,  3.0 ,  3.0 ,  3.0 , 0.6  ,  0.0 ,  0.0 ,121   ,76.8  , 98.8 ,2.64  ,3.43  ,2.44  ,2.53  ,3.30  ,2.33  , 0.0  , 0.0  , 51.5 , 51.5 , 51.5 ,.     ,18.7  ,.     , 48.5 ,.     , 51.5 , 8.7  , 8.7  ,.     , 1.52 ,11.51 , 1.52 ,.     ,  0.0 ,  0.0 ,  3.0 ,  0.0 ,  0.0 ,107.1 ,236.6 , 76.0 ,  6.6 ,113.3 ,  1.2 ,  0.0 , 16.9 ,  0.0 ,  0.0 , 0.2  ,16.7  , 13.6 , 69   , 35   ,  1.6 ,  0.0 , 31.8 ,145.3 ,  0.0 ,  0.0 ,  0.0 ,  0.0 ,  0.0 ,  0.0 ,  0.0 ,  0.0 ,.     ,.     ,.     ,.     ,.     ,.     ,.     ,
CB,M,3,  0.0 ,  1.5 ,  0.0 ,  0.0 ,  0.0 , 42.6 ,  5.7 , 20.9 , 13.9 , 34.0 , 78.9 ,  0.0 ,  0.0 ,  0.0 , 95.5 , 95.5 ,  4.5 ,  0.0 ,  0.0 ,  0.0 , 19.4 , 80.5 ,100.0 ,  0.0 ,  0.0 , 0.5  ,.     ,.     ,46.3  ,165   ,61.6  ,22.7  ,  4.2 ,  2.8 ,  0.0 ,  5.7 ,  5.7 ,  5.7 , 0.6  ,  5.5 ,  2.8 ,120   ,75.7  , 97.7 ,2.64  ,3.32  ,2.50  ,2.73  ,3.42  ,2.65  , 0.1  , 0.1  , 64.7 , 64.7 , 64.7 ,.     ,19.4  ,.     , 61.8 ,.     , 64.7 ,11.9  ,11.9  ,.     , 0.86 ,14.60 , 0.86 ,.     ,  0.0 ,  0.0 ,  1.5 ,  0.0 ,  0.0 , 99.2 ,279.4 ,101.4 ,  4.5 ,131.8 ,  7.8 ,  0.0 , 16.1 ,  0.0 ,  0.0 , 0.5  ,15.7  , 32.7 , 65   , 45   , 12.0 ,  0.0 , 36.3 ,150.0 ,  0.0 , 30.9 ,  0.0 , 30.9 ,  0.0 ,  0.0 ,  0.0 ,  0.0 ,.     ,.     ,.     ,.     ,.     ,.     ,.     ,
CB,F,1,  0.0 ,  0.0 ,  0.0 ,  0.0 ,  0.0 , 27.8 ,  2.8 ,  2.8 ,  0.0 , 16.7 , 88.9 ,  0.0 ,  0.0 ,  0.0 ,100.0 ,100.0 ,  0.0 ,  0.0 ,  0.0 ,  0.0 , 66.7 , 33.3 ,100.0 ,  0.0 ,  0.0 ,.     , 3.9  ,.     ,44.1  ,156   ,58.4  ,24.1  , 16.7 , 16.7 , 11.1 , 11.1 ,  0.0 , 11.1 , 0.3  ,  8.3 ,  2.8 ,126   ,76.5  ,101.1 ,1.70  ,1.98  ,2.28  ,1.78  ,2.06  ,2.38  , 0.3  , 0.2  ,  0.0 ,  0.0 ,.     ,  0.0 ,.     ,  .   ,.     ,  0.0 ,  0.0 , 0.0  ,.     , 0.0  , 0.00 , 0.00 ,.     , 0.00 ,  0.0 ,  0.0 ,  0.0 ,  0.0 ,  0.0 , 62.6 ,259.5 ,114.9 ,  2.7 ,153.3 , 21.8 ,  0.4 , 12.4 ,  0.0 ,  0.0 , 1.0  ,11.9  , 44.7 , 50   , 35   , 16.1 ,  0.0 , 32.5 ,130.7 ,  0.0 , 50.0 ,  0.0 , 42.9 ,  0.0 ,  0.0 ,  0.0 ,  0.0 ,14.4  ,27.0  , 3.1  ,49.0  ,2.9   ,0.1   ,2.8   ,
CB,F,2,  0.0 ,  0.0 ,  0.0 ,  0.0 ,  0.0 , 29.6 ,  0.0 ,  0.0 ,  0.0 ,  0.0 , 74.1 ,  0.0 ,  0.0 ,  0.0 , 96.3 , 96.3 ,  3.7 ,  0.0 ,  0.0 ,  0.0 ,  0.0 ,100.0 ,100.0 ,  0.0 ,  0.0 ,.     , 4.0  ,.     ,45.0  ,158   ,59.1  ,23.7  ,  3.7 ,  0.0 ,  0.0 ,  0.0 ,  0.0 ,  0.0 , 0.0  ,  0.0 ,  0.0 ,116   ,74.5  , 95.4 ,1.62  ,1.98  ,1.59  ,1.90  ,2.31  ,1.94  , 0.4  , 0.0  ,  3.7 ,  3.7 ,.     ,  3.7 ,.     ,16.0  ,.     ,  3.7 ,  3.7 , 0.6  ,.     , 0.6  , 0.00 , 0.73 ,.     , 0.00 ,  0.0 ,  0.0 ,  0.0 ,  0.0 ,  0.0 , 90.3 ,235.9 , 63.4 ,  0.0 , 95.9 ,  0.8 ,  0.0 , 16.3 ,  0.0 ,  0.0 , 0.4  ,15.9  ,  8.6 , 70   , 40   ,  0.0 ,   .  , 52.8 ,159.2 ,  0.0 ,   .  ,   .  ,   .  ,   .  ,   .  ,   .  ,   .  ,14.1  ,29.2  , 4.7  ,50.0  ,2.6   ,0.2   ,2.5   ,
CB,F,3,  0.0 ,  0.0 ,  0.0 ,  0.0 ,  0.0 , 28.7 ,  1.4 ,  1.4 ,  0.0 ,  8.3 , 81.5 ,  0.0 ,  0.0 ,  0.0 , 98.2 , 98.2 ,  1.9 ,  0.0 ,  0.0 ,  0.0 , 33.4 , 66.7 ,100.0 ,  0.0 ,  0.0 ,.     , 4.0  ,.     ,44.6  ,157   ,58.8  ,23.9  , 10.2 ,  8.3 ,  5.5 ,  5.5 ,  0.0 ,  5.5 , 0.1  ,  4.2 ,  1.4 ,121   ,75.5  , 98.3 ,1.66  ,1.98  ,1.94  ,1.84  ,2.19  ,2.16  , 0.4  , 0.1  ,  1.9 ,  1.9 ,.     ,  1.9 ,.     ,16.0  ,.     ,  1.9 ,  1.9 , 0.3  ,.     , 0.3  , 0.00 , 0.36 ,.     , 0.00 ,  0.0 ,  0.0 ,  0.0 ,  0.0 ,  0.0 , 76.5 ,247.7 , 89.2 ,  1.4 ,124.6 , 11.3 ,  0.2 , 14.4 ,  0.0 ,  0.0 , 0.7  ,13.9  , 26.7 , 60   , 38   ,  8.1 ,  0.0 , 42.6 ,144.9 ,  0.0 , 50.0 ,  0.0 , 42.9 ,  0.0 ,  0.0 ,  0.0 ,  0.0 ,14.3  ,28.1  , 3.9  ,49.5  ,2.8   ,0.2   ,2.6   ,
CB,T,1,.     ,.     ,.     ,.     ,.     ,.     ,.     ,.     ,.     ,.     ,.     ,.     ,.     ,.     ,.     ,.     ,.     ,.     ,.     ,.     ,.     ,.     ,.     ,.     ,.     ,.     ,.     ,  0.0 ,.     ,.     ,.     ,.     ,.     ,.     ,.     ,.     ,.     ,.     ,.     ,.     ,.     ,.     ,.     ,.     ,.     ,.     ,.     ,.     ,.     ,.     ,.     ,.     ,.     ,.     ,.     ,.     ,.     ,.     ,.     ,.     ,.     ,.     ,.     ,.     ,.     ,.     ,.     ,.     ,.     ,.     ,.     ,.     ,.     ,.     ,.     ,.     ,.     ,.     ,.     ,.     ,.     ,.     ,.     ,.     ,.     ,.     ,.     ,.     ,.     ,.     ,.     ,.     ,.     ,.     ,.     ,.     ,.     ,.     ,.     ,.     ,.     ,.     ,.     ,.     ,.     ,.     ,.     ,
CB,T,2,.     ,.     ,.     ,.     ,.     ,.     ,.     ,.     ,.     ,.     ,.     ,.     ,.     ,.     ,.     ,.     ,.     ,.     ,.     ,.     ,.     ,.     ,.     ,.     ,.     ,.     ,.     ,  0.0 ,.     ,.     ,.     ,.     ,.     ,.     ,.     ,.     ,.     ,.     ,.     ,.     ,.     ,.     ,.     ,.     ,.     ,.     ,.     ,.     ,.     ,.     ,.     ,.     ,.     ,.     ,.     ,.     ,.     ,.     ,.     ,.     ,.     ,.     ,.     ,.     ,.     ,.     ,.     ,.     ,.     ,.     ,.     ,.     ,.     ,.     ,.     ,.     ,.     ,.     ,.     ,.     ,.     ,.     ,.     ,.     ,.     ,.     ,.     ,.     ,.     ,.     ,.     ,.     ,.     ,.     ,.     ,.     ,.     ,.     ,.     ,.     ,.     ,.     ,.     ,.     ,.     ,.     ,.     ,
CB,T,3,  0.0 ,  0.8 ,  0.0 ,  0.0 ,  0.0 , 35.7 ,  3.5 , 11.2 ,  7.0 , 21.2 , 80.2 ,  0.0 ,  0.0 ,  0.0 , 96.8 , 96.8 ,  3.2 ,  0.0 ,  0.0 ,  0.0 , 26.4 , 73.6 ,100.0 ,  0.0 ,  0.0 ,.     ,.     ,  0.0 ,45.4  ,161   ,60.2  ,23.3  ,  7.2 ,  5.6 ,  2.8 ,  5.6 ,  2.8 ,  5.6 , 0.4  ,  4.9 ,  2.1 ,121   ,75.6  , 98.0 ,2.15  ,2.65  ,2.22  ,2.29  ,2.80  ,2.40  , 0.3  , 0.1  , 33.3 , 33.3 ,.     ,.     ,.     ,.     ,.     ,.     , 33.3 , 6.1  ,.     ,.     , 0.43 , 7.48 ,.     ,.     ,  0.0 ,  0.0 ,  0.8 ,  0.0 ,  0.0 , 87.8 ,263.6 , 95.3 ,  3.0 ,128.2 ,  9.5 ,  0.1 , 15.3 ,  0.0 ,  0.0 , 0.6  ,14.8  , 29.7 , 62   , 41   , 10.0 ,  0.0 , 39.5 ,147.5 ,  0.0 , 40.5 ,  0.0 , 36.9 ,  0.0 ,  0.0 ,  0.0 ,  0.0 ,.     ,.     ,.     ,.     ,.     ,.     ,.     ,
CC,M,1, 19.4 ,  0.0 ,  0.0 ,  2.8 ,  0.0 , 69.4 , 13.9 , 33.3 , 11.1 , 22.2 , 88.9 ,  0.0 ,  0.0 ,  2.8 ,  0.0 ,  2.8 , 97.2 ,  0.0 ,  0.0 ,  0.0 , 83.3 ,  0.0 , 83.3 , 16.7 ,  0.0 , 0.6  ,.     ,.     ,52.3  ,167   ,63.2  ,22.6  , 16.7 ,  8.3 ,  3.0 , 19.4 ,  5.6 , 13.9 , 0.6  , 11.1 ,  2.8 ,109   ,70.9  , 89.8 ,2.94  ,3.71  ,3.01  ,3.07  ,3.87  ,3.13  , 0.4  , 0.2  , 61.1 , 55.6 , 55.6 ,.     ,27.3  ,.     , 27.8 ,.     , 58.3 , 8.1  , 8.1  ,.     , 0.00 , 9.34 , 0.00 ,.     ,  5.6 ,  2.8 ,  0.0 ,  2.8 ,  0.0 , 16.1 ,661.3 ,  3.5 ,  0.0 , 18.6 ,  8.3 , 63.2 , 16.7 , 13.9 ,  0.0 , 0.7  ,16.0  , 98.0 , 23   , 79   , 31.9 , 10.2 , 72.3 ,146.0 ,  6.3 , 53.8 ,  0.0 , 53.8 ,  0.0 ,  0.0 , 20.8 ,  7.7 ,.     ,.     ,.     ,.     ,.     ,.     ,.     ,
CC,M,2, 15.6 ,  0.0 ,  0.0 ,  0.0 ,  0.0 , 65.6 ,  3.1 , 31.3 , 15.6 , 21.9 , 84.4 ,  0.0 ,  0.0 ,  3.1 ,  0.0 ,  3.1 , 96.9 ,  0.0 ,  0.0 , 12.5 , 84.4 ,  0.0 , 96.9 ,  3.1 ,  0.0 , 0.4  ,.     ,.     ,53.3  ,167   ,60.1  ,21.6  , 15.6 ,  6.3 ,  0.0 , 15.6 , 12.5 , 15.6 , 0.8  ,  3.1 ,  0.0 ,118   ,75.6  , 97.0 ,3.04  ,3.86  ,3.00  ,3.02  ,3.87  ,2.93  , 0.4  , 0.0  , 93.8 , 75.0 , 75.0 ,.     ,22.5  ,.     , 53.1 ,.     , 87.5 ,11.5  ,11.5  ,.     , 0.45 ,13.74 , 0.45 ,.     ,  3.1 ,  9.4 ,  0.0 ,  0.0 ,  0.0 , 13.7 ,605.7 ,  6.8 ,  0.0 , 23.0 ,  7.4 , 85.1 , 17.7 , 15.6 ,  0.0 , 2.0  ,15.7  , 89.4 , 16   ,100   , 34.0 ,  4.3 ,126.0 ,131.6 , 22.5 , 71.4 ,  0.0 , 71.4 ,  0.0 ,  0.0 , 51.7 ,  7.1 ,.     ,.     ,.     ,.     ,.     ,.     ,.     ,
CC,M,3, 17.5 ,  0.0 ,  0.0 ,  1.4 ,  0.0 , 67.5 ,  8.5 , 32.3 , 13.3 , 22.1 , 86.7 ,  0.0 ,  0.0 ,  3.0 ,  0.0 ,  3.0 , 97.1 ,  0.0 ,  0.0 ,  6.3 , 83.9 ,  0.0 , 90.1 ,  9.9 ,  0.0 , 0.5  ,.     ,.     ,52.8  ,167   ,61.7  ,22.1  , 16.1 ,  7.3 ,  1.5 , 17.5 ,  9.1 , 14.8 , 0.7  ,  7.1 ,  1.4 ,114   ,73.3  , 93.4 ,2.99  ,3.79  ,3.00  ,3.04  ,3.87  ,3.03  , 0.4  , 0.1  , 77.5 , 65.3 , 65.3 ,.     ,24.9  ,.     , 40.5 ,.     , 72.9 , 9.8  , 9.8  ,.     , 0.23 ,11.54 , 0.23 ,.     ,  4.3 ,  6.1 ,  0.0 ,  1.4 ,  0.0 , 14.9 ,633.5 ,  5.2 ,  0.0 , 20.8 ,  7.9 , 74.2 , 17.2 , 14.8 ,  0.0 , 1.4  ,15.8  , 93.7 , 20   , 90   , 33.0 ,  7.3 , 99.2 ,138.8 , 14.4 , 62.6 ,  0.0 , 62.6 ,  0.0 ,  0.0 , 36.3 ,  7.4 ,.     ,.     ,.     ,.     ,.     ,.     ,.     ,
CC,F,1, 22.9 ,  0.0 ,  2.9 ,  2.9 ,  0.0 , 28.6 ,  0.0 , 14.3 ,  2.9 , 14.3 , 80.0 ,  0.0 ,  0.0 , 14.3 ,  0.0 , 14.3 , 85.7 ,  0.0 ,  0.0 ,  0.0 , 85.7 ,  0.0 , 85.7 , 14.3 ,  0.0 ,.     , 3.4  ,.     ,52.1  ,156   ,57.4  ,23.7  , 45.7 , 34.3 , 22.6 , 14.3 ,  0.0 , 14.3 , 0.6  , 11.4 ,  0.0 ,107   ,67.1  , 87.2 ,2.11  ,2.65  ,2.42  ,2.16  ,2.70  ,2.46  , 1.8  , 0.4  ,  5.7 ,  2.9 ,.     ,  2.9 ,.     ,33.5  ,.     ,  0.0 ,  5.7 , 0.2  ,.     , 0.2  , 0.00 , 0.19 ,.     , 0.00 ,  2.9 ,  0.0 ,  0.0 ,  0.0 ,  0.0 , 13.0 ,545.0 ,  3.0 ,  0.1 , 23.2 ,  7.7 , 24.7 , 15.5 ,  5.7 ,  0.0 , 0.7  ,14.8  , 92.2 , 46   , 74   , 26.3 ,  8.0 , 61.8 ,190.3 , 24.0 ,  0.0 ,  0.0 ,  0.0 ,  0.0 ,  0.0 ,  0.0 ,  0.0 ,16.3  ,27.7  , 4.3  ,49.0  ,4.9   ,1.3   ,3.6   ,
CC,F,2, 23.5 ,  0.0 ,  0.0 ,  2.9 ,  0.0 , 20.6 ,  2.9 ,  2.9 ,  2.9 , 14.7 , 73.5 ,  0.0 ,  0.0 ,  5.9 ,  0.0 ,  5.9 , 94.1 ,  0.0 ,  0.0 , 29.4 , 44.1 ,  0.0 , 73.5 , 26.5 ,  0.0 ,.     , 2.7  ,.     ,52.6  ,155   ,56.6  ,23.5  , 50.0 , 41.2 , 35.5 , 17.6 , 14.7 , 11.8 , 1.5  ,  8.8 ,  2.9 ,113   ,69.9  , 91.3 ,2.28  ,2.83  ,2.29  ,2.34  ,2.90  ,2.35  , 2.3  , 0.6  , 11.8 , 11.8 ,.     , 11.8 ,.     ,32.8  ,.     ,  5.9 , 11.8 , 1.0  ,.     , 1.0  , 0.00 , 1.16 ,.     , 0.00 ,  0.0 ,  2.9 ,  0.0 ,  0.0 ,  0.0 ,  8.3 ,506.0 ,  6.0 ,  0.1 , 20.9 ,  6.1 , 45.1 , 16.8 ,  8.8 ,  0.0 , 2.1  ,14.6  , 77.7 , 18   , 93   , 39.7 ,  8.2 ,123.4 ,131.6 , 38.9 , 25.0 ,  0.0 , 25.0 ,  0.0 ,  0.0 , 42.9 , 12.5 ,16.4  ,37.4  , 4.0  ,49.0  ,4.8   ,0.8   ,4.0   ,
CC,F,3, 23.2 ,  0.0 ,  1.4 ,  2.9 ,  0.0 , 24.6 ,  1.4 ,  8.6 ,  2.9 , 14.5 , 76.8 ,  0.0 ,  0.0 , 10.1 ,  0.0 , 10.1 , 89.9 ,  0.0 ,  0.0 , 14.7 , 64.9 ,  0.0 , 79.6 , 20.4 ,  0.0 ,.     , 3.1  ,.     ,52.4  ,156   ,57.0  ,23.6  , 47.9 , 37.8 , 29.1 , 16.0 ,  7.3 , 13.1 , 1.1  , 10.1 ,  1.4 ,110   ,68.5  , 89.3 ,2.19  ,2.74  ,2.35  ,2.25  ,2.80  ,2.41  , 2.0  , 0.5  ,  8.8 ,  7.4 ,.     ,  7.4 ,.     ,33.1  ,.     ,  3.0 ,  8.8 , 0.6  ,.     , 0.6  , 0.00 , 0.67 ,.     , 0.00 ,  1.4 ,  1.4 ,  0.0 ,  0.0 ,  0.0 , 10.7 ,525.5 ,  4.5 ,  0.1 , 22.1 ,  6.9 , 34.9 , 16.2 ,  7.3 ,  0.0 , 1.4  ,14.7  , 85.0 , 32   , 84   , 33.0 ,  8.1 , 92.6 ,161.0 , 31.4 , 12.5 ,  0.0 , 12.5 ,  0.0 ,  0.0 , 21.4 ,  6.3 ,16.4  ,32.5  , 4.2  ,49.0  ,4.9   ,1.1   ,3.8   ,
CC,T,1,.     ,.     ,.     ,.     ,.     ,.     ,.     ,.     ,.     ,.     ,.     ,.     ,.     ,.     ,.     ,.     ,.     ,.     ,.     ,.     ,.     ,.     ,.     ,.     ,.     ,.     ,.     ,  9.8 ,.     ,.     ,.     ,.     ,.     ,.     ,.     ,.     ,.     ,.     ,.     ,.     ,.     ,.     ,.     ,.     ,.     ,.     ,.     ,.     ,.     ,.     ,.     ,.     ,.     ,.     ,.     ,.     ,.     ,.     ,.     ,.     ,.     ,.     ,.     ,.     ,.     ,.     ,.     ,.     ,.     ,.     ,.     ,.     ,.     ,.     ,.     ,.     ,.     ,.     ,.     ,.     ,.     ,.     ,.     ,.     ,.     ,.     ,.     ,.     ,.     ,.     ,.     ,.     ,.     ,.     ,.     ,.     ,.     ,.     ,.     ,.     ,.     ,.     ,.     ,.     ,.     ,.     ,.     ,
CC,T,2,.     ,.     ,.     ,.     ,.     ,.     ,.     ,.     ,.     ,.     ,.     ,.     ,.     ,.     ,.     ,.     ,.     ,.     ,.     ,.     ,.     ,.     ,.     ,.     ,.     ,.     ,.     , 31.6 ,.     ,.     ,.     ,.     ,.     ,.     ,.     ,.     ,.     ,.     ,.     ,.     ,.     ,.     ,.     ,.     ,.     ,.     ,.     ,.     ,.     ,.     ,.     ,.     ,.     ,.     ,.     ,.     ,.     ,.     ,.     ,.     ,.     ,.     ,.     ,.     ,.     ,.     ,.     ,.     ,.     ,.     ,.     ,.     ,.     ,.     ,.     ,.     ,.     ,.     ,.     ,.     ,.     ,.     ,.     ,.     ,.     ,.     ,.     ,.     ,.     ,.     ,.     ,.     ,.     ,.     ,.     ,.     ,.     ,.     ,.     ,.     ,.     ,.     ,.     ,.     ,.     ,.     ,.     ,
CC,T,3, 20.4 ,  0.0 ,  0.7 ,  2.1 ,  0.0 , 46.1 ,  5.0 , 20.4 ,  8.1 , 18.3 , 81.7 ,  0.0 ,  0.0 ,  6.5 ,  0.0 ,  6.5 , 93.5 ,  0.0 ,  0.0 , 10.5 , 74.4 ,  0.0 , 84.9 , 15.2 ,  0.0 ,.     ,.     , 20.7 ,52.6  ,161   ,59.3  ,22.9  , 32.0 , 22.5 , 15.3 , 16.7 ,  8.2 , 13.9 , 0.9  ,  8.6 ,  1.4 ,112   ,70.9  , 91.3 ,2.59  ,3.26  ,2.68  ,2.65  ,3.34  ,2.72  , 1.2  , 0.3  , 43.1 , 36.3 ,.     ,.     ,.     ,.     ,.     ,.     , 40.8 , 5.2  ,.     ,.     , 0.11 , 6.11 ,.     ,.     ,  2.9 ,  3.8 ,  0.0 ,  0.7 ,  0.0 , 12.8 ,579.5 ,  4.8 ,  0.1 , 21.4 ,  7.4 , 54.5 , 16.7 , 11.0 ,  0.0 , 1.4  ,15.3  , 89.3 , 26   , 87   , 33.0 ,  7.7 , 95.9 ,149.9 , 22.9 , 37.6 ,  0.0 , 37.6 ,  0.0 ,  0.0 , 28.9 ,  6.8 ,.     ,.     ,.     ,.     ,.     ,.     ,.     ,
FA,M,1, 13.3 ,  0.0 ,  0.0 ,  0.0 ,  0.0 , 43.3 , 10.0 , 13.3 ,  3.3 , 40.0 , 86.7 ,  0.0 ,  0.0 ,  0.0 ,  0.0 ,  0.0 ,100.0 ,  0.0 ,  0.0 ,  0.0 ,  0.0 ,  0.0 ,  0.0 ,100.0 ,  0.0 , 0.1  ,.     ,.     ,50.3  ,165   ,60.7  ,22.2  , 10.0 , 10.0 ,  6.7 , 13.3 ,  6.7 , 10.0 , 0.9  ,  6.7 ,  6.7 ,123   ,85.2  ,104.1 ,2.92  ,3.69  ,2.95  ,3.01  ,3.79  ,3.06  , 0.2  , 0.5  , 76.7 , 76.7 , 76.7 ,.     ,24.8  ,.     , 43.3 ,.     , 46.7 , 5.2  , 5.2  ,.     , 8.33 ,14.38 , 8.33 ,.     , 53.3 ,  0.0 ,  0.0 ,  0.0 ,  0.0 ,157.3 ,180.1 ,229.7 ,  0.9 , 59.8 ,  9.7 , 17.6 , 31.7 ,  0.0 ,  0.0 ,26.3  , 5.4  , 41.1 ,142   ,172   , 30.1 , 44.9 , 52.1 ,107.2 ,  0.0 ,  5.6 ,  0.0 ,  5.6 , 61.1 ,  0.0 ,  0.0 , 61.1 ,.     ,.     ,.     ,.     ,.     ,.     ,.     ,
FA,M,2,  6.7 ,  0.0 ,  0.0 ,  0.0 ,  0.0 , 33.3 ,  0.0 ,  6.7 , 10.0 , 16.7 , 80.0 ,  0.0 ,  0.0 ,  0.0 ,  0.0 ,  0.0 ,100.0 ,  0.0 ,  0.0 ,  0.0 ,  0.0 ,  0.0 ,  0.0 ,100.0 ,  0.0 , 0.1  ,.     ,.     ,50.0  ,164   ,61.7  ,22.8  , 10.0 , 10.0 ,  6.7 ,  6.7 ,  6.7 ,  6.7 , 1.2  ,  6.7 ,  3.3 ,132   ,95.5  ,113.8 ,2.88  ,3.32  ,3.17  ,2.93  ,3.37  ,3.24  , 0.1  , 0.0  , 76.7 , 73.3 , 73.3 ,.     ,21.3  ,.     , 56.7 ,.     , 20.0 , 4.4  , 4.4  ,.     ,13.81 ,18.87 ,13.81 ,.     , 63.3 ,  0.0 ,  0.0 ,  0.0 ,  0.0 ,181.7 ,227.4 ,253.0 ,  0.0 ,124.7 ,  2.3 , 39.7 , 30.4 ,  3.3 ,  3.3 ,25.8  , 4.7  ,  9.4 ,108   ,150   , 21.7 , 26.1 , 40.8 , 58.0 ,  0.0 ,  5.3 ,  0.0 ,  5.3 , 63.2 ,  0.0 ,  0.0 , 63.2 ,.     ,.     ,.     ,.     ,.     ,.     ,.     ,
FA,M,3, 10.0 ,  0.0 ,  0.0 ,  0.0 ,  0.0 , 38.3 ,  5.0 , 10.0 ,  6.7 , 28.4 , 83.4 ,  0.0 ,  0.0 ,  0.0 ,  0.0 ,  0.0 ,100.0 ,  0.0 ,  0.0 ,  0.0 ,  0.0 ,  0.0 ,  0.0 ,100.0 ,  0.0 , 0.1  ,.     ,.     ,50.1  ,165   ,61.2  ,22.5  , 10.0 , 10.0 ,  6.7 , 10.0 ,  6.7 ,  8.3 , 1.1  ,  6.7 ,  5.0 ,128   ,90.4  ,109.0 ,2.90  ,3.50  ,3.06  ,2.97  ,3.58  ,3.15  , 0.2  , 0.3  , 76.7 , 75.0 , 75.0 ,.     ,23.1  ,.     , 50.0 ,.     , 33.4 , 4.8  , 4.8  ,.     ,11.07 ,16.63 ,11.07 ,.     , 58.3 ,  0.0 ,  0.0 ,  0.0 ,  0.0 ,169.5 ,203.8 ,241.3 ,  0.5 , 92.3 ,  6.0 , 28.7 , 31.1 ,  1.6 ,  1.6 ,26.1  , 5.1  , 25.3 ,125   ,161   , 25.9 , 35.5 , 46.5 , 82.6 ,  0.0 ,  5.5 ,  0.0 ,  5.5 , 62.2 ,  0.0 ,  0.0 , 62.2 ,.     ,.     ,.     ,.     ,.     ,.     ,.     ,
FA,F,1,  6.7 ,  0.0 ,  0.0 , 10.0 ,  0.0 , 16.7 ,  0.0 ,  3.3 ,  0.0 , 26.7 , 70.0 ,  0.0 ,  0.0 ,  0.0 ,  0.0 ,  0.0 ,100.0 ,  0.0 ,  0.0 ,  0.0 ,  0.0 ,  0.0 ,  0.0 ,100.0 ,  0.0 ,.     , 2.3  ,.     ,47.8  ,154   ,52.9  ,22.2  , 40.0 , 36.7 , 31.0 , 20.0 ,  6.7 , 16.7 , 0.9  , 20.0 , 20.0 ,116   ,79.3  , 97.8 ,2.07  ,2.50  ,2.22  ,2.13  ,2.56  ,2.30  , 0.2  , 0.7  , 40.0 , 36.7 ,.     , 36.7 ,.     ,22.8  ,.     , 23.3 ,  6.7 , 0.3  ,.     , 0.3  , 6.67 , 7.00 ,.     , 6.67 , 36.7 ,  0.0 ,  0.0 ,  0.0 ,  0.0 ,153.4 ,136.5 ,202.7 ,  5.1 , 52.5 ,  8.9 , 20.5 , 32.0 , 10.0 ,  0.0 ,28.4  , 3.6  , 34.4 ,170   ,166   , 25.6 , 30.7 , 60.0 , 93.9 ,  0.0 ,  0.0 ,  0.0 ,  0.0 , 16.7 ,  0.0 ,  0.0 , 16.7 ,16.1  ,28.2  , 4.2  ,52.0  ,5.1   ,0.8   ,4.3   ,
FA,F,2,  6.7 ,  0.0 ,  3.3 ,  0.0 ,  0.0 , 10.0 ,  3.3 ,  3.3 ,  0.0 , 23.3 , 76.7 ,  0.0 ,  0.0 ,  0.0 ,  0.0 ,  0.0 ,100.0 ,  0.0 ,  0.0 ,  0.0 ,  0.0 ,  0.0 ,  0.0 ,100.0 ,  0.0 ,.     , 2.7  ,.     ,47.1  ,154   ,55.0  ,23.3  , 23.3 , 23.3 , 23.3 , 13.3 , 10.0 , 10.0 , 0.4  , 20.0 ,  6.7 ,127   ,89.3  ,108.3 ,2.35  ,2.43  ,3.31  ,2.40  ,2.49  ,3.39  , 0.0  , 0.3  , 43.3 , 43.3 ,.     , 43.3 ,.     ,17.2  ,.     , 40.0 ,  3.3 , 0.7  ,.     , 0.7  , 7.62 , 8.39 ,.     , 7.62 , 40.0 ,  0.0 ,  0.0 ,  0.0 ,  0.0 ,132.4 ,172.6 ,195.0 ,  0.0 , 53.4 ,  0.5 , 15.1 , 30.5 ,  6.7 ,  0.0 ,24.6  , 6.1  , 14.4 ,122   ,133   ,  9.5 , 21.3 , 32.2 , 87.3 ,  0.0 ,  0.0 ,  0.0 ,  0.0 , 41.7 ,  0.0 ,  0.0 , 41.7 ,16.0  ,27.8  , 3.7  ,49.0  ,5.4   ,0.9   ,4.4   ,
FA,F,3,  6.7 ,  0.0 ,  1.6 ,  5.0 ,  0.0 , 13.3 ,  1.6 ,  3.3 ,  0.0 , 25.0 , 73.4 ,  0.0 ,  0.0 ,  0.0 ,  0.0 ,  0.0 ,100.0 ,  0.0 ,  0.0 ,  0.0 ,  0.0 ,  0.0 ,  0.0 ,100.0 ,  0.0 ,.     , 2.5  ,.     ,47.5  ,154   ,54.0  ,22.8  , 31.7 , 30.0 , 27.2 , 16.7 ,  8.3 , 13.3 , 0.7  , 20.0 , 13.3 ,122   ,84.3  ,103.0 ,2.21  ,2.47  ,2.77  ,2.27  ,2.53  ,2.85  , 0.1  , 0.5  , 41.6 , 40.0 ,.     , 40.0 ,.     ,20.0  ,.     , 31.7 ,  5.0 , 0.5  ,.     , 0.5  , 7.15 , 7.70 ,.     , 7.15 , 38.4 ,  0.0 ,  0.0 ,  0.0 ,  0.0 ,142.9 ,154.6 ,198.8 ,  2.5 , 53.0 ,  4.7 , 17.8 , 31.3 ,  8.3 ,  0.0 ,26.5  , 4.8  , 24.4 ,146   ,150   , 17.6 , 26.0 , 46.1 , 90.6 ,  0.0 ,  0.0 ,  0.0 ,  0.0 , 29.2 ,  0.0 ,  0.0 , 29.2 ,16.1  ,28.0  , 4.0  ,50.5  ,5.3   ,0.9   ,4.4   ,
FA,T,1,.     ,.     ,.     ,.     ,.     ,.     ,.     ,.     ,.     ,.     ,.     ,.     ,.     ,.     ,.     ,.     ,.     ,.     ,.     ,.     ,.     ,.     ,.     ,.     ,.     ,.     ,.     ,  0.0 ,.     ,.     ,.     ,.     ,.     ,.     ,.     ,.     ,.     ,.     ,.     ,.     ,.     ,.     ,.     ,.     ,.     ,.     ,.     ,.     ,.     ,.     ,.     ,.     ,.     ,.     ,.     ,.     ,.     ,.     ,.     ,.     ,.     ,.     ,.     ,.     ,.     ,.     ,.     ,.     ,.     ,.     ,.     ,.     ,.     ,.     ,.     ,.     ,.     ,.     ,.     ,.     ,.     ,.     ,.     ,.     ,.     ,.     ,.     ,.     ,.     ,.     ,.     ,.     ,.     ,.     ,.     ,.     ,.     ,.     ,.     ,.     ,.     ,.     ,.     ,.     ,.     ,.     ,.     ,
FA,T,2,.     ,.     ,.     ,.     ,.     ,.     ,.     ,.     ,.     ,.     ,.     ,.     ,.     ,.     ,.     ,.     ,.     ,.     ,.     ,.     ,.     ,.     ,.     ,.     ,.     ,.     ,.     ,  0.0 ,.     ,.     ,.     ,.     ,.     ,.     ,.     ,.     ,.     ,.     ,.     ,.     ,.     ,.     ,.     ,.     ,.     ,.     ,.     ,.     ,.     ,.     ,.     ,.     ,.     ,.     ,.     ,.     ,.     ,.     ,.     ,.     ,.     ,.     ,.     ,.     ,.     ,.     ,.     ,.     ,.     ,.     ,.     ,.     ,.     ,.     ,.     ,.     ,.     ,.     ,.     ,.     ,.     ,.     ,.     ,.     ,.     ,.     ,.     ,.     ,.     ,.     ,.     ,.     ,.     ,.     ,.     ,.     ,.     ,.     ,.     ,.     ,.     ,.     ,.     ,.     ,.     ,.     ,.     ,
FA,T,3,  8.3 ,  0.0 ,  0.8 ,  2.5 ,  0.0 , 25.8 ,  3.3 ,  6.7 ,  3.3 , 26.7 , 78.4 ,  0.0 ,  0.0 ,  0.0 ,  0.0 ,  0.0 ,100.0 ,  0.0 ,  0.0 ,  0.0 ,  0.0 ,  0.0 ,  0.0 ,100.0 ,  0.0 ,.     ,.     ,  0.0 ,48.8  ,159   ,57.6  ,22.6  , 20.8 , 20.0 , 16.9 , 13.3 ,  7.5 , 10.8 , 0.9  , 13.3 ,  9.2 ,125   ,87.3  ,106.0 ,2.56  ,2.99  ,2.91  ,2.62  ,3.05  ,3.00  , 0.1  , 0.4  , 59.2 , 57.5 ,.     ,.     ,.     ,.     ,.     ,.     , 19.2 , 2.7  ,.     ,.     , 9.11 ,12.16 ,.     ,.     , 48.3 ,  0.0 ,  0.0 ,  0.0 ,  0.0 ,156.2 ,179.2 ,220.1 ,  1.5 , 72.6 ,  5.4 , 23.2 , 31.2 ,  5.0 ,  0.8 ,26.3  , 5.0  , 24.8 ,136   ,155   , 21.7 , 30.8 , 46.3 , 86.6 ,  0.0 ,  2.7 ,  0.0 ,  2.7 , 45.7 ,  0.0 ,  0.0 , 45.7 ,.     ,.     ,.     ,.     ,.     ,.     ,.     ,
HA,M,1,  3.3 ,  0.0 ,  3.3 ,  0.0 ,  0.0 , 76.7 , 13.3 , 60.0 , 26.7 , 83.3 ,100.0 ,  0.0 ,  3.3 ,  3.3 ,  3.3 , 10.0 , 90.0 ,  0.0 , 66.7 ,  6.7 ,  3.3 ,  3.3 , 13.3 , 20.0 ,  0.0 , 0.5  ,.     ,.     ,50.5  ,169   ,65.6  ,23.0  , 20.0 ,  0.0 ,  0.0 , 26.7 , 13.3 , 13.3 , 0.9  ,  3.3 ,  0.0 ,126   ,83.8  ,105.1 , .    , .    , .    , .    , .    , .    , 2.9  , 0.0  , 83.3 , 80.0 , 80.0 ,.     ,23.3  ,.     , 53.3 ,.     , 76.7 ,14.5  ,14.5  ,.     , 3.81 ,20.52 , 3.81 ,.     , 23.3 ,  3.3 ,  0.0 ,  0.0 ,  0.0 , 38.4 ,370.0 , 11.2 ,  0.5 ,  7.3 ,  9.5 ,  7.3 , 30.1 , 86.7 , 80.0 , 6.0  ,24.1  , 97.0 , 85   ,311   , 78.2 ,117.1 ,205.2 ,210.2 , 49.7 , 86.2 , 10.3 , 89.7 ,  0.0 ,  0.0 ,  0.0 ,  0.0 ,.     ,.     ,.     ,.     ,.     ,.     ,.     ,
HA,M,2,  3.4 ,  0.0 ,  0.0 ,  0.0 ,  0.0 , 82.8 , 10.3 , 72.4 , 31.0 , 58.6 ,100.0 ,  0.0 ,  3.4 ,  0.0 , 10.3 , 13.8 , 86.2 ,  0.0 , 41.4 , 27.6 ,  6.9 ,  3.4 , 37.9 , 20.7 ,  0.0 , 0.5  ,.     ,.     ,51.2  ,168   ,64.9  ,22.9  ,  6.9 ,  6.9 ,  3.4 , 17.2 ,  3.4 , 13.8 , 1.6  ,  3.4 ,  0.0 ,137   ,87.6  ,112.2 , .    , .    , .    , .    , .    , .    , 0.4  , 0.1  , 89.7 , 75.9 , 75.9 ,.     ,22.1  ,.     , 58.6 ,.     , 69.0 ,10.9  ,10.9  ,.     , 1.97 ,14.59 , 1.97 ,.     , 37.9 , 17.2 ,  0.0 ,  0.0 ,  0.0 , 42.7 ,387.6 , 31.4 ,  0.0 ,  5.4 ,  8.0 , 40.8 , 29.7 , 69.0 , 51.7 , 4.6  ,25.1  , 70.9 ,142   ,289   ,133.7 , 70.8 ,131.2 ,221.4 , 41.4 ,100.0 ,  7.1 ,100.0 ,  0.0 ,  0.0 ,  0.0 ,  0.0 ,.     ,.     ,.     ,.     ,.     ,.     ,.     ,
HA,M,3,  3.4 ,  0.0 ,  1.6 ,  0.0 ,  0.0 , 79.8 , 11.8 , 66.2 , 28.9 , 71.0 ,100.0 ,  0.0 ,  3.4 ,  1.6 ,  6.8 , 11.9 , 88.1 ,  0.0 , 54.1 , 17.2 ,  5.1 ,  3.4 , 25.6 , 20.4 ,  0.0 , 0.5  ,.     ,.     ,50.9  ,169   ,65.3  ,22.9  , 13.5 ,  3.5 ,  1.7 , 21.9 ,  8.3 , 13.6 , 1.3  ,  3.4 ,  0.0 ,132   ,85.7  ,108.7 ,.     ,.     ,.     ,.     ,.     ,.     , 1.6  , 0.1  , 86.5 , 78.0 , 78.0 ,.     ,22.7  ,.     , 56.0 ,.     , 72.9 ,12.7  ,12.7  ,.     , 2.89 ,17.55 , 2.89 ,.     , 30.6 , 10.3 ,  0.0 ,  0.0 ,  0.0 , 40.6 ,378.8 , 21.3 ,  0.3 ,  6.4 ,  8.8 , 24.0 , 29.9 , 77.9 , 65.9 , 5.3  ,24.6  , 84.0 ,114   ,300   ,106.0 , 94.0 ,168.2 ,215.8 , 45.6 , 93.1 ,  8.7 , 94.9 ,  0.0 ,  0.0 ,  0.0 ,  0.0 ,.     ,.     ,.     ,.     ,.     ,.     ,.     ,
HA,F,1,  6.9 ,  0.0 ,  0.0 , 10.3 ,  0.0 , 58.6 ,  0.0 , 41.4 ,  6.9 , 72.4 , 93.1 ,  0.0 ,  0.0 ,  3.4 , 20.7 , 24.1 , 75.9 ,  0.0 , 79.3 , 10.3 ,  3.4 ,  0.0 , 13.8 ,  6.9 ,  0.0 ,.     , 2.1  ,.     ,48.1  ,157   ,63.8  ,25.8  , 41.4 , 10.3 , 14.3 ,  3.4 ,  0.0 ,  3.4 , 0.1  ,  0.0 ,  0.0 ,136   ,85.6  ,110.7 , .    , .    , .    , .    , .    , .    , 0.5  , 0.0  ,  0.0 ,  0.0 ,.     ,  0.0 ,.     ,  .   ,.     ,  0.0 ,  0.0 , 0.0  ,.     , 0.0  , 0.00 , 0.00 ,.     , 0.00 ,  0.0 ,  0.0 ,  0.0 ,  0.0 ,  0.0 , 24.7 ,384.0 , 17.3 ,  0.0 ,  6.0 ,  8.6 , 28.8 , 29.0 , 79.3 , 72.4 , 5.7  ,23.2  , 69.5 , 73   ,291   ,102.6 , 96.4 ,155.2 ,144.8 , 26.9 , 96.3 ,  3.7 , 96.3 ,  0.0 ,  0.0 ,  0.0 ,  0.0 ,17.3  ,29.1  , 3.5  ,50.0  ,4.0   ,1.0   ,3.0   ,
HA,F,2, 17.2 ,  0.0 ,  0.0 ,  0.0 ,  0.0 , 27.6 ,  3.4 , 17.2 , 17.2 , 44.8 , 89.7 ,  3.4 , 10.3 ,  0.0 , 10.3 , 20.7 , 75.9 ,  0.0 , 62.1 , 17.2 ,  3.4 , 10.3 , 31.0 ,  6.9 ,  0.0 ,.     , 2.1  ,.     ,52.9  ,156   ,64.1  ,26.4  , 51.7 , 34.5 , 29.2 , 13.8 , 10.3 , 10.3 , 1.5  , 24.1 , 20.7 ,135   ,87.2  ,111.1 , .    , .    , .    , .    , .    , .    , 0.8  , 0.1  ,  3.4 ,  3.4 ,.     ,  3.4 ,.     ,16.0  ,.     ,  3.4 ,  3.4 , 0.2  ,.     , 0.2  , 0.00 , 0.23 ,.     , 0.00 ,  0.0 ,  0.0 ,  0.0 ,  0.0 ,  0.0 , 28.5 ,328.5 , 23.4 ,  0.0 ,  9.7 ,  7.7 , 65.4 , 30.6 , 69.0 , 44.8 , 3.3  ,27.4  , 69.1 ,122   ,292   ,176.9 ,104.3 ,146.1 ,177.9 , 24.8 , 88.0 ,  0.0 , 88.0 ,  0.0 ,  0.0 ,  0.0 ,  0.0 ,17.2  ,28.9  , 3.7  ,48.0  ,4.7   ,0.8   ,3.8   ,
HA,F,3, 12.1 ,  0.0 ,  0.0 ,  5.2 ,  0.0 , 43.1 ,  1.7 , 29.3 , 12.1 , 58.6 , 91.4 ,  1.7 ,  5.2 ,  1.7 , 15.5 , 22.4 , 75.9 ,  0.0 , 70.7 , 13.8 ,  3.4 ,  5.2 , 22.4 ,  6.9 ,  0.0 ,.     , 2.1  ,.     ,50.5  ,157   ,63.9  ,26.1  , 46.6 , 22.4 , 21.8 ,  8.6 ,  5.2 ,  6.9 , 0.8  , 12.1 , 10.3 ,136   ,86.4  ,110.9 ,.     ,.     ,.     ,.     ,.     ,.     , 0.7  , 0.1  ,  1.7 ,  1.7 ,.     ,  1.7 ,.     ,16.0  ,.     ,  1.7 ,  1.7 , 0.1  ,.     , 0.1  , 0.00 , 0.12 ,.     , 0.00 ,  0.0 ,  0.0 ,  0.0 ,  0.0 ,  0.0 , 26.6 ,356.3 , 20.4 ,  0.0 ,  7.8 ,  8.2 , 47.1 , 29.8 , 74.2 , 58.6 , 4.5  ,25.3  , 69.3 , 98   ,292   ,139.8 ,100.4 ,150.7 ,161.4 , 25.9 , 92.2 ,  1.9 , 92.2 ,  0.0 ,  0.0 ,  0.0 ,  0.0 ,17.3  ,29.0  , 3.6  ,49.0  ,4.4   ,0.9   ,3.4   ,
HA,T,1,.     ,.     ,.     ,.     ,.     ,.     ,.     ,.     ,.     ,.     ,.     ,.     ,.     ,.     ,.     ,.     ,.     ,.     ,.     ,.     ,.     ,.     ,.     ,.     ,.     ,.     ,.     ,  0.0 ,.     ,.     ,.     ,.     ,.     ,.     ,.     ,.     ,.     ,.     ,.     ,.     ,.     ,.     ,.     ,.     ,.     ,.     ,.     ,.     ,.     ,.     ,.     ,.     ,.     ,.     ,.     ,.     ,.     ,.     ,.     ,.     ,.     ,.     ,.     ,.     ,.     ,.     ,.     ,.     ,.     ,.     ,.     ,.     ,.     ,.     ,.     ,.     ,.     ,.     ,.     ,.     ,.     ,.     ,.     ,.     ,.     ,.     ,.     ,.     ,.     ,.     ,.     ,.     ,.     ,.     ,.     ,.     ,.     ,.     ,.     ,.     ,.     ,.     ,.     ,.     ,.     ,.     ,.     ,
HA,T,2,.     ,.     ,.     ,.     ,.     ,.     ,.     ,.     ,.     ,.     ,.     ,.     ,.     ,.     ,.     ,.     ,.     ,.     ,.     ,.     ,.     ,.     ,.     ,.     ,.     ,.     ,.     ,  5.2 ,.     ,.     ,.     ,.     ,.     ,.     ,.     ,.     ,.     ,.     ,.     ,.     ,.     ,.     ,.     ,.     ,.     ,.     ,.     ,.     ,.     ,.     ,.     ,.     ,.     ,.     ,.     ,.     ,.     ,.     ,.     ,.     ,.     ,.     ,.     ,.     ,.     ,.     ,.     ,.     ,.     ,.     ,.     ,.     ,.     ,.     ,.     ,.     ,.     ,.     ,.     ,.     ,.     ,.     ,.     ,.     ,.     ,.     ,.     ,.     ,.     ,.     ,.     ,.     ,.     ,.     ,.     ,.     ,.     ,.     ,.     ,.     ,.     ,.     ,.     ,.     ,.     ,.     ,.     ,
HA,T,3,  7.7 ,  0.0 ,  0.8 ,  2.6 ,  0.0 , 61.4 ,  6.8 , 47.8 , 20.5 , 64.8 , 95.7 ,  0.8 ,  4.3 ,  1.7 , 11.2 , 17.2 , 82.0 ,  0.0 , 62.4 , 15.5 ,  4.3 ,  4.3 , 24.0 , 13.6 ,  0.0 ,.     ,.     ,  2.6 ,50.7  ,163   ,64.6  ,24.5  , 30.0 , 12.9 , 11.7 , 15.3 ,  6.8 , 10.2 , 1.0  ,  7.7 ,  5.2 ,134   ,86.1  ,109.8 ,.     ,.     ,.     ,.     ,.     ,.     , 1.1  , 0.1  , 44.1 , 39.8 ,.     ,.     ,.     ,.     ,.     ,.     , 37.3 , 6.4  ,.     ,.     , 1.45 , 8.83 ,.     ,.     , 15.3 ,  5.1 ,  0.0 ,  0.0 ,  0.0 , 33.6 ,367.5 , 20.8 ,  0.1 ,  7.1 ,  8.5 , 35.6 , 29.9 , 76.0 , 62.2 , 4.9  ,25.0  , 76.6 ,106   ,296   ,122.9 , 97.2 ,159.4 ,188.6 , 35.7 , 92.6 ,  5.3 , 93.5 ,  0.0 ,  0.0 ,  0.0 ,  0.0 ,.     ,.     ,.     ,.     ,.     ,.     ,.     ,
KB,M,1,  0.0 ,  0.0 , 40.0 ,  0.0 ,  0.0 , 40.0 ,  0.0 , 33.3 ,  6.7 , 60.0 , 63.3 ,  0.0 ,  0.0 ,  0.0 ,  0.0 ,  0.0 , 60.0 , 40.0 , 36.7 , 10.0 ,  0.0 ,  0.0 , 10.0 , 40.0 , 13.3 , 0.5  ,.     ,.     ,51.0  ,164   ,55.6  ,20.7  , 10.0 ,  3.3 ,  3.6 , 13.3 ,  3.3 ,  3.3 , 0.4  ,  6.7 ,  3.3 ,120   ,77.4  , 98.7 , .    , .    , .    , .    , .    , .    , 1.3  , 3.0  , 63.3 , 60.0 , 60.0 ,.     ,23.5  ,.     , 40.0 ,.     , 63.3 ,13.8  ,13.8  ,.     , 0.00 ,15.94 , 0.00 ,.     ,  0.0 ,  0.0 ,  0.0 ,  0.0 ,  0.0 ,415.8 , 21.7 ,  1.1 ,  0.0 ,  0.0 , 13.0 ,113.7 , 24.6 ,100.0 ,100.0 , 0.9  ,23.7  ,139.7 , 20   ,245   , 87.0 ,276.8 ,140.4 ,108.8 ,  4.0 ,   .  ,  0.0 ,   .  ,  0.0 ,  0.0 ,  0.0 ,  0.0 ,.     ,.     ,.     ,.     ,.     ,.     ,.     ,
KB,M,2,  0.0 ,  0.0 , 53.1 ,  0.0 ,  0.0 , 53.1 ,  3.1 , 34.4 , 15.6 , 62.5 , 81.3 ,  0.0 ,  0.0 ,  0.0 ,  0.0 ,  0.0 , 78.1 , 21.9 , 18.8 ,  0.0 ,  0.0 ,  0.0 ,  0.0 , 68.8 , 12.5 , 0.5  ,.     ,.     ,51.2  ,164   ,59.0  ,21.8  ,  0.0 ,  0.0 ,  0.0 , 12.5 ,  3.1 ,  3.1 , 0.1  ,  3.1 ,  0.0 ,116   ,74.9  , 95.6 , .    , .    , .    , .    , .    , .    , 1.8  , 0.2  , 78.1 , 75.0 , 75.0 ,.     ,27.0  ,.     , 28.1 ,.     , 78.1 ,18.1  ,18.1  ,.     , 0.00 ,20.92 , 0.00 ,.     ,  0.0 ,  0.0 ,  0.0 ,  0.0 ,  0.0 ,482.9 , 15.8 ,  1.0 ,  0.5 ,  0.3 , 10.3 ,145.8 , 23.1 ,100.0 ,100.0 , 0.4  ,22.7  ,124.2 , 35   ,254   , 73.3 ,292.5 ,100.9 ,109.9 ,  1.1 ,   .  , 90.0 ,   .  ,  0.0 ,  0.0 ,  0.0 ,  0.0 ,.     ,.     ,.     ,.     ,.     ,.     ,.     ,
KB,M,3,  0.0 ,  0.0 , 46.6 ,  0.0 ,  0.0 , 46.6 ,  1.6 , 33.9 , 11.2 , 61.3 , 72.3 ,  0.0 ,  0.0 ,  0.0 ,  0.0 ,  0.0 , 69.0 , 30.9 , 27.8 ,  5.0 ,  0.0 ,  0.0 ,  5.0 , 54.4 , 12.9 , 0.5  ,.     ,.     ,51.1  ,164   ,57.3  ,21.3  ,  5.0 ,  1.6 ,  1.8 , 12.9 ,  3.2 ,  3.2 , 0.3  ,  4.9 ,  1.6 ,118   ,76.2  , 97.2 ,.     ,.     ,.     ,.     ,.     ,.     , 1.6  , 1.6  , 70.7 , 67.5 , 67.5 ,.     ,25.3  ,.     , 34.1 ,.     , 70.7 ,16.0  ,16.0  ,.     , 0.00 ,18.43 , 0.00 ,.     ,  0.0 ,  0.0 ,  0.0 ,  0.0 ,  0.0 ,449.4 , 18.8 ,  1.1 ,  0.3 ,  0.1 , 11.7 ,129.8 , 23.9 ,100.0 ,100.0 , 0.7  ,23.2  ,131.9 , 28   ,250   , 80.2 ,284.7 ,120.7 ,109.4 ,  2.6 ,.     , 45.0 ,.     ,  0.0 ,  0.0 ,  0.0 ,  0.0 ,.     ,.     ,.     ,.     ,.     ,.     ,.     ,
KB,F,1,  0.0 ,  0.0 , 58.1 ,  0.0 ,  0.0 ,  6.5 ,  0.0 ,  9.7 ,  3.2 ,  9.7 , 51.6 ,  0.0 ,  0.0 ,  0.0 ,  3.2 ,  3.2 , 38.7 , 58.1 , 25.8 ,  3.2 ,  0.0 ,  0.0 ,  3.2 , 38.7 , 32.3 ,.     , 1.5  ,.     ,52.0  ,155   ,50.7  ,21.2  , 22.6 ,  3.2 ,  0.0 , 12.9 ,  6.5 ,  9.7 , 0.7  ,  6.5 ,  0.0 ,127   ,78.2  ,102.6 , .    , .    , .    , .    , .    , .    , 0.9  , 0.2  ,  3.2 ,  3.2 ,.     ,  3.2 ,.     ,23.0  ,.     ,  3.2 ,  3.2 , 0.6  ,.     , 0.6  , 0.00 , 0.64 ,.     , 0.00 ,  0.0 ,  0.0 ,  0.0 ,  0.0 ,  0.0 ,352.6 ,  8.0 ,  2.2 ,  0.4 ,  0.0 ,  6.7 ,143.3 , 23.0 , 96.8 , 96.8 , 0.1  ,22.9  ,137.1 , 47   ,261   , 54.3 ,197.0 , 86.9 , 41.4 ,  2.4 ,   .  ,   .  ,   .  ,   .  ,   .  ,   .  ,   .  ,17.4  ,28.6  , 3.5  ,49.0  ,4.7   ,1.0   ,3.7   ,
KB,F,2,  0.0 ,  0.0 , 80.0 ,  3.3 ,  0.0 ,  6.7 ,  0.0 ,  3.3 ,  0.0 , 10.0 , 46.7 ,  0.0 ,  0.0 ,  0.0 ,  0.0 ,  0.0 , 63.3 , 36.7 , 20.0 ,  0.0 ,  0.0 ,  0.0 ,  0.0 , 53.3 , 26.7 ,.     , 1.9  ,.     ,53.1  ,156   ,52.9  ,21.7  , 23.3 ,  3.3 ,  4.2 ,  6.7 ,  6.7 ,  6.7 , 0.2  ,  3.3 ,  0.0 ,122   ,77.3  , 99.6 , .    , .    , .    , .    , .    , .    , 1.5  , 0.3  , 16.7 , 16.7 ,.     , 16.7 ,.     ,31.2  ,.     ,  3.3 , 16.7 , 0.9  ,.     , 0.9  , 0.00 , 0.99 ,.     , 0.00 ,  0.0 ,  0.0 ,  0.0 ,  0.0 ,  0.0 ,385.2 ,  9.6 ,  0.9 ,  0.0 ,  0.0 ,  6.7 ,114.6 , 20.2 , 93.3 , 93.1 , 0.4  ,19.8  ,155.3 , 62   ,252   , 57.4 ,259.4 , 53.4 , 79.0 ,  5.4 ,   .  , 50.0 ,   .  ,  0.0 ,  0.0 ,  0.0 ,  0.0 ,17.4  ,28.7  , 4.2  ,48.0  ,5.0   ,1.1   ,3.9   ,
KB,F,3,  0.0 ,  0.0 , 69.0 ,  1.6 ,  0.0 ,  6.6 ,  0.0 ,  6.5 ,  1.6 ,  9.8 , 49.2 ,  0.0 ,  0.0 ,  0.0 ,  1.6 ,  1.6 , 51.0 , 47.4 , 22.9 ,  1.6 ,  0.0 ,  0.0 ,  1.6 , 46.0 , 29.5 ,.     , 1.7  ,.     ,52.6  ,156   ,51.8  ,21.4  , 23.0 ,  3.3 ,  2.1 ,  9.8 ,  6.6 ,  8.2 , 0.5  ,  4.9 ,  0.0 ,125   ,77.8  ,101.1 ,.     ,.     ,.     ,.     ,.     ,.     , 1.2  , 0.3  ,  9.9 ,  9.9 ,.     ,  9.9 ,.     ,27.1  ,.     ,  3.3 ,  9.9 , 0.8  ,.     , 0.8  , 0.00 , 0.82 ,.     , 0.00 ,  0.0 ,  0.0 ,  0.0 ,  0.0 ,  0.0 ,368.9 ,  8.8 ,  1.6 ,  0.2 ,  0.0 ,  6.7 ,129.0 , 21.6 , 95.0 , 95.0 , 0.3  ,21.4  ,146.2 , 55   ,257   , 55.9 ,228.2 , 70.2 , 60.2 ,  3.9 ,.     , 50.0 ,.     ,  0.0 ,  0.0 ,  0.0 ,  0.0 ,17.4  ,28.7  , 3.9  ,48.5  ,4.9   ,1.1   ,3.8   ,
KB,T,1,.     ,.     ,.     ,.     ,.     ,.     ,.     ,.     ,.     ,.     ,.     ,.     ,.     ,.     ,.     ,.     ,.     ,.     ,.     ,.     ,.     ,.     ,.     ,.     ,.     ,.     ,.     ,  5.0 ,.     ,.     ,.     ,.     ,.     ,.     ,.     ,.     ,.     ,.     ,.     ,.     ,.     ,.     ,.     ,.     ,.     ,.     ,.     ,.     ,.     ,.     ,.     ,.     ,.     ,.     ,.     ,.     ,.     ,.     ,.     ,.     ,.     ,.     ,.     ,.     ,.     ,.     ,.     ,.     ,.     ,.     ,.     ,.     ,.     ,.     ,.     ,.     ,.     ,.     ,.     ,.     ,.     ,.     ,.     ,.     ,.     ,.     ,.     ,.     ,.     ,.     ,.     ,.     ,.     ,.     ,.     ,.     ,.     ,.     ,.     ,.     ,.     ,.     ,.     ,.     ,.     ,.     ,.     ,
KB,T,2,.     ,.     ,.     ,.     ,.     ,.     ,.     ,.     ,.     ,.     ,.     ,.     ,.     ,.     ,.     ,.     ,.     ,.     ,.     ,.     ,.     ,.     ,.     ,.     ,.     ,.     ,.     ,  9.7 ,.     ,.     ,.     ,.     ,.     ,.     ,.     ,.     ,.     ,.     ,.     ,.     ,.     ,.     ,.     ,.     ,.     ,.     ,.     ,.     ,.     ,.     ,.     ,.     ,.     ,.     ,.     ,.     ,.     ,.     ,.     ,.     ,.     ,.     ,.     ,.     ,.     ,.     ,.     ,.     ,.     ,.     ,.     ,.     ,.     ,.     ,.     ,.     ,.     ,.     ,.     ,.     ,.     ,.     ,.     ,.     ,.     ,.     ,.     ,.     ,.     ,.     ,.     ,.     ,.     ,.     ,.     ,.     ,.     ,.     ,.     ,.     ,.     ,.     ,.     ,.     ,.     ,.     ,.     ,
KB,T,3,  0.0 ,  0.0 , 57.8 ,  0.8 ,  0.0 , 26.6 ,  0.8 , 20.2 ,  6.4 , 35.5 , 60.7 ,  0.0 ,  0.0 ,  0.0 ,  0.8 ,  0.8 , 60.0 , 39.2 , 25.3 ,  3.3 ,  0.0 ,  0.0 ,  3.3 , 50.2 , 21.2 ,.     ,.     ,  7.3 ,51.8  ,160   ,54.6  ,21.4  , 14.0 ,  2.5 ,  2.0 , 11.4 ,  4.9 ,  5.7 , 0.4  ,  4.9 ,  0.8 ,121   ,77.0  , 99.1 ,.     ,.     ,.     ,.     ,.     ,.     , 1.4  , 0.9  , 40.3 , 38.7 ,.     ,.     ,.     ,.     ,.     ,.     , 40.3 , 8.4  ,.     ,.     , 0.00 , 9.62 ,.     ,.     ,  0.0 ,  0.0 ,  0.0 ,  0.0 ,  0.0 ,409.1 , 13.8 ,  1.3 ,  0.2 ,  0.1 ,  9.2 ,129.4 , 22.7 , 97.5 , 97.5 , 0.5  ,22.3  ,139.1 , 41   ,253   , 68.0 ,256.4 , 95.4 , 84.8 ,  3.2 ,.     , 47.5 ,.     ,  0.0 ,  0.0 ,  0.0 ,  0.0 ,.     ,.     ,.     ,.     ,.     ,.     ,.     ,
LC,M,1,  0.0 ,  0.0 , 33.3 , 16.7 ,  0.0 , 33.3 ,  6.7 , 13.3 , 10.0 , 16.7 , 50.0 ,  0.0 ,  0.0 ,  0.0 ,  0.0 ,  0.0 ,100.0 ,  0.0 ,  3.3 , 30.0 ,  0.0 ,  0.0 , 30.0 , 63.3 ,  3.3 , 1.0  ,.     ,.     ,53.8  ,166   ,57.2  ,20.8  , 26.7 , 16.7 ,  7.4 , 16.7 ,  3.3 ,  6.7 , 1.3  , 13.3 ,  3.3 ,120   ,78.5  , 99.2 ,2.48  ,3.17  ,2.61  ,2.42  ,3.12  ,2.49  , 0.6  , 2.3  , 56.7 , 53.3 , 53.3 ,.     ,26.2  ,.     , 30.0 ,.     , 53.3 ,15.4  ,15.4  ,.     , 0.71 ,18.52 , 0.71 ,.     ,  0.0 ,  0.0 ,  3.3 ,  0.0 ,  0.0 ,456.5 , 54.7 ,  0.0 ,  0.0 ,  0.0 ,  0.5 , 29.2 , 18.2 , 86.7 , 83.3 ,11.7  , 6.4  , 39.6 ,  9   ,221   ,127.4 ,182.0 ,147.6 ,114.0 ,  1.2 , 57.9 , 15.8 , 63.2 ,  0.0 ,  0.0 ,  0.0 ,  0.0 ,.     ,.     ,.     ,.     ,.     ,.     ,.     ,
LC,M,2,  6.7 ,  0.0 , 63.3 ,  3.3 ,  0.0 , 23.3 ,  3.3 , 20.0 , 10.0 , 36.7 , 86.7 ,  3.3 ,  0.0 ,  0.0 ,  0.0 ,  0.0 , 96.7 ,  0.0 , 23.3 , 56.7 ,  0.0 ,  0.0 , 56.7 , 20.0 ,  0.0 , 1.1  ,.     ,.     ,51.7  ,165   ,59.0  ,21.7  , 10.0 ,  0.0 ,  0.0 , 20.0 , 10.0 , 13.3 , 1.9  ,  0.0 ,  0.0 ,114   ,73.1  , 93.7 ,2.54  ,3.16  ,2.92  ,2.45  ,3.06  ,2.81  , 1.9  , 0.2  , 70.0 , 66.7 , 66.7 ,.     ,25.1  ,.     , 36.7 ,.     , 66.7 ,19.5  ,19.5  ,.     , 0.00 ,22.53 , 0.00 ,.     ,  3.3 ,  0.0 ,  3.3 ,  0.0 ,  0.0 ,399.3 , 47.0 ,  0.0 ,  0.0 ,  0.0 ,  1.5 ,109.8 , 16.5 , 96.7 , 73.3 , 8.6  , 7.9  , 56.5 , 19   ,195   ,139.0 ,213.2 ,141.2 ,117.2 , 13.2 , 85.0 ,  0.0 , 85.0 ,  5.0 ,  0.0 ,  0.0 ,  5.0 ,.     ,.     ,.     ,.     ,.     ,.     ,.     ,
LC,M,3,  3.4 ,  0.0 , 48.3 , 10.0 ,  0.0 , 28.3 ,  5.0 , 16.7 , 10.0 , 26.7 , 68.4 ,  1.6 ,  0.0 ,  0.0 ,  0.0 ,  0.0 , 98.4 ,  0.0 , 13.3 , 43.4 ,  0.0 ,  0.0 , 43.4 , 41.6 ,  1.6 , 1.1  ,.     ,.     ,52.8  ,166   ,58.1  ,21.3  , 18.4 ,  8.3 ,  3.7 , 18.4 ,  6.7 , 10.0 , 1.6  ,  6.7 ,  1.6 ,117   ,75.8  , 96.5 ,2.51  ,3.17  ,2.77  ,2.44  ,3.09  ,2.65  , 1.3  , 1.3  , 63.4 , 60.0 , 60.0 ,.     ,25.7  ,.     , 33.4 ,.     , 60.0 ,17.4  ,17.4  ,.     , 0.35 ,20.53 , 0.35 ,.     ,  1.6 ,  0.0 ,  3.3 ,  0.0 ,  0.0 ,427.9 , 50.9 ,  0.0 ,  0.0 ,  0.0 ,  1.0 , 69.5 , 17.4 , 91.7 , 78.3 ,10.2  , 7.2  , 48.1 , 14   ,208   ,133.2 ,197.6 ,144.4 ,115.6 ,  7.2 , 71.5 ,  7.9 , 74.1 ,  2.5 ,  0.0 ,  0.0 ,  2.5 ,.     ,.     ,.     ,.     ,.     ,.     ,.     ,
LC,F,1, 20.0 ,  0.0 , 43.3 , 33.3 ,  0.0 ,  6.7 ,  3.3 ,  6.7 ,  6.7 , 10.0 , 50.0 ,  0.0 ,  0.0 ,  0.0 ,  0.0 ,  0.0 ,100.0 ,  0.0 , 16.7 , 30.0 ,  0.0 ,  0.0 , 30.0 , 53.3 ,  0.0 ,.     , 2.4  ,.     ,54.3  ,154   ,52.2  ,22.1  , 33.3 ,  6.7 ,  9.1 , 10.0 ,  3.3 ,  3.3 , 0.4  ,  3.3 ,  3.3 ,127   ,82.1  ,104.6 ,2.03  ,2.30  ,2.46  ,1.95  ,2.21  ,2.34  , 1.4  , 0.2  ,  6.7 ,  6.7 ,.     ,  6.7 ,.     ,21.5  ,.     ,  3.3 ,  6.7 , 0.8  ,.     , 0.8  , 0.00 , 0.88 ,.     , 0.00 ,  0.0 ,  0.0 ,  0.0 ,  0.0 ,  0.0 ,381.1 , 22.0 ,  0.0 ,  0.0 ,  0.0 ,  0.4 , 27.5 , 14.2 , 90.0 , 80.0 , 7.9  , 6.2  , 34.9 , 10   ,225   ,116.5 ,185.2 ,134.0 , 83.2 ,  4.0 , 33.3 ,  0.0 , 33.3 ,  0.0 ,  0.0 ,  0.0 ,  0.0 ,17.6  ,29.6  , 4.2  ,50.0  ,5.6   ,0.8   ,4.8   ,
LC,F,2,  6.7 ,  0.0 , 86.7 ,  6.7 ,  0.0 ,  0.0 ,  0.0 ,  3.3 ,  0.0 ,  3.3 , 76.7 ,  0.0 ,  0.0 ,  0.0 ,  0.0 ,  0.0 ,100.0 ,  0.0 , 23.3 , 66.7 ,  0.0 ,  0.0 , 66.7 , 10.0 ,  0.0 ,.     , 2.3  ,.     ,52.6  ,153   ,52.1  ,22.3  , 33.3 , 13.3 ,  8.3 , 13.3 ,  3.3 , 13.3 , 0.8  ,  6.7 ,  3.3 ,117   ,76.9  , 96.7 ,1.86  ,2.17  ,2.47  ,1.80  ,2.10  ,2.39  , 2.1  , 0.5  ,  3.3 ,  3.3 ,.     ,  3.3 ,.     ,25.0  ,.     ,  0.0 ,  3.3 , 1.3  ,.     , 1.3  , 0.00 , 1.54 ,.     , 0.00 ,  0.0 ,  0.0 ,  0.0 ,  0.0 ,  0.0 ,304.4 , 48.1 ,  0.0 ,  0.0 ,  0.0 ,  1.3 ,119.6 , 13.7 , 96.7 , 76.7 , 7.4  , 6.3  , 73.8 ,  8   ,217   ,139.1 ,233.6 ,110.8 , 83.2 , 12.8 , 37.5 ,  0.0 , 37.5 ,  0.0 ,  0.0 ,  0.0 ,  0.0 ,17.3  ,29.2  , 5.8  ,50.0  ,5.2   ,0.8   ,4.3   ,
LC,F,3, 13.3 ,  0.0 , 65.0 , 20.0 ,  0.0 ,  3.4 ,  1.6 ,  5.0 ,  3.4 ,  6.7 , 63.4 ,  0.0 ,  0.0 ,  0.0 ,  0.0 ,  0.0 ,100.0 ,  0.0 , 20.0 , 48.4 ,  0.0 ,  0.0 , 48.4 , 31.6 ,  0.0 ,.     , 2.4  ,.     ,53.5  ,154   ,52.2  ,22.2  , 33.3 , 10.0 ,  8.7 , 11.7 ,  3.3 ,  8.3 , 0.6  ,  5.0 ,  3.3 ,122   ,79.5  ,100.7 ,1.95  ,2.23  ,2.47  ,1.88  ,2.16  ,2.37  , 1.8  , 0.4  ,  5.0 ,  5.0 ,.     ,  5.0 ,.     ,23.3  ,.     ,  1.6 ,  5.0 , 1.1  ,.     , 1.1  , 0.00 , 1.21 ,.     , 0.00 ,  0.0 ,  0.0 ,  0.0 ,  0.0 ,  0.0 ,342.8 , 35.1 ,  0.0 ,  0.0 ,  0.0 ,  0.9 , 73.5 , 13.9 , 93.4 , 78.4 , 7.7  , 6.3  , 54.4 ,  9   ,221   ,127.8 ,209.4 ,122.4 , 83.2 ,  8.4 , 35.4 ,  0.0 , 35.4 ,  0.0 ,  0.0 ,  0.0 ,  0.0 ,17.5  ,29.4  , 5.0  ,50.0  ,5.4   ,0.8   ,4.5   ,
LC,T,1,.     ,.     ,.     ,.     ,.     ,.     ,.     ,.     ,.     ,.     ,.     ,.     ,.     ,.     ,.     ,.     ,.     ,.     ,.     ,.     ,.     ,.     ,.     ,.     ,.     ,.     ,.     , 33.3 ,.     ,.     ,.     ,.     ,.     ,.     ,.     ,.     ,.     ,.     ,.     ,.     ,.     ,.     ,.     ,.     ,.     ,.     ,.     ,.     ,.     ,.     ,.     ,.     ,.     ,.     ,.     ,.     ,.     ,.     ,.     ,.     ,.     ,.     ,.     ,.     ,.     ,.     ,.     ,.     ,.     ,.     ,.     ,.     ,.     ,.     ,.     ,.     ,.     ,.     ,.     ,.     ,.     ,.     ,.     ,.     ,.     ,.     ,.     ,.     ,.     ,.     ,.     ,.     ,.     ,.     ,.     ,.     ,.     ,.     ,.     ,.     ,.     ,.     ,.     ,.     ,.     ,.     ,.     ,
LC,T,2,.     ,.     ,.     ,.     ,.     ,.     ,.     ,.     ,.     ,.     ,.     ,.     ,.     ,.     ,.     ,.     ,.     ,.     ,.     ,.     ,.     ,.     ,.     ,.     ,.     ,.     ,.     , 60.0 ,.     ,.     ,.     ,.     ,.     ,.     ,.     ,.     ,.     ,.     ,.     ,.     ,.     ,.     ,.     ,.     ,.     ,.     ,.     ,.     ,.     ,.     ,.     ,.     ,.     ,.     ,.     ,.     ,.     ,.     ,.     ,.     ,.     ,.     ,.     ,.     ,.     ,.     ,.     ,.     ,.     ,.     ,.     ,.     ,.     ,.     ,.     ,.     ,.     ,.     ,.     ,.     ,.     ,.     ,.     ,.     ,.     ,.     ,.     ,.     ,.     ,.     ,.     ,.     ,.     ,.     ,.     ,.     ,.     ,.     ,.     ,.     ,.     ,.     ,.     ,.     ,.     ,.     ,.     ,
LC,T,3,  8.3 ,  0.0 , 56.6 , 15.0 ,  0.0 , 15.8 ,  3.3 , 10.8 ,  6.7 , 16.7 , 65.9 ,  0.8 ,  0.0 ,  0.0 ,  0.0 ,  0.0 , 99.2 ,  0.0 , 16.7 , 45.9 ,  0.0 ,  0.0 , 45.9 , 36.6 ,  0.8 ,.     ,.     , 46.6 ,53.1  ,160   ,55.1  ,21.7  , 25.8 ,  9.2 ,  6.2 , 15.0 ,  5.0 ,  9.2 , 1.1  ,  5.8 ,  2.5 ,120   ,77.7  , 98.6 ,2.23  ,2.70  ,2.62  ,2.16  ,2.62  ,2.51  , 1.5  , 0.8  , 34.2 , 32.5 ,.     ,.     ,.     ,.     ,.     ,.     , 32.5 , 9.3  ,.     ,.     , 0.18 ,10.87 ,.     ,.     ,  0.8 ,  0.0 ,  1.6 ,  0.0 ,  0.0 ,385.3 , 43.0 ,  0.0 ,  0.0 ,  0.0 ,  0.9 , 71.5 , 15.7 , 92.5 , 78.3 , 8.9  , 6.7  , 51.2 , 12   ,215   ,130.5 ,203.5 ,133.4 , 99.4 ,  7.8 , 53.4 ,  4.0 , 54.8 ,  1.3 ,  0.0 ,  0.0 ,  1.3 ,.     ,.     ,.     ,.     ,.     ,.     ,.     ,
ND,M,1,  0.0 ,  0.0 ,  9.4 ,  0.0 ,  0.0 , 37.5 ,  3.1 , 15.6 ,  6.3 , 25.0 , 68.8 ,  0.0 , 21.9 ,  0.0 ,  0.0 , 21.9 , 78.1 ,  0.0 ,  6.3 , 90.6 ,  3.1 ,  0.0 , 93.8 ,  0.0 ,  0.0 , 0.2  ,.     ,.     ,51.8  ,162   ,53.6  ,20.5  , 21.9 , 15.6 ,  9.7 , 40.6 , 21.9 , 31.3 , 3.5  , 18.8 , 12.5 ,114   ,74.9  , 94.4 ,2.19  ,2.94  ,1.85  ,2.14  ,2.84  ,1.80  , 1.4  , 0.3  , 90.6 , 78.1 , 78.1 ,.     ,20.6  ,.     , 59.4 ,.     , 87.5 ,15.3  ,15.3  ,.     , 0.89 ,18.52 , 0.89 ,.     , 15.6 ,  3.1 ,  0.0 ,  0.0 ,  0.0 ,485.4 , 39.8 ,  0.0 ,  0.0 ,  0.0 ,  3.1 ,  7.8 , 40.7 , 87.5 , 68.8 ,32.1  , 8.6  , 46.2 , 28   ,286   , 76.9 ,172.5 , 94.9 , 31.5 ,  0.0 ,  8.0 , 73.1 , 76.0 , 14.8 ,  0.0 ,  0.0 , 14.8 ,.     ,.     ,.     ,.     ,.     ,.     ,.     ,
ND,M,2,  3.2 ,  0.0 ,  3.2 ,  0.0 ,  0.0 , 54.8 ,  3.2 , 22.6 , 16.1 , 16.1 , 83.9 ,  6.5 , 29.0 ,  0.0 ,  0.0 , 29.0 , 64.5 ,  0.0 ,  9.7 , 80.6 ,  0.0 ,  0.0 , 80.6 ,  6.5 ,  3.2 , 0.4  ,.     ,.     ,50.8  ,163   ,57.0  ,21.3  ,  3.2 ,  3.2 ,  0.0 , 35.5 , 25.8 , 29.0 , 3.2  ,  9.7 ,  6.5 ,117   ,79.0  , 98.2 ,2.19  ,2.81  ,2.07  ,2.23  ,2.85  ,2.13  , 1.6  , 0.4  , 93.5 , 71.0 , 71.0 ,.     ,25.2  ,.     , 35.5 ,.     , 93.5 ,18.8  ,18.8  ,.     , 3.00 ,24.70 , 3.00 ,.     , 16.1 ,  0.0 ,  6.5 ,  0.0 ,  0.0 ,371.6 , 59.0 ,  0.0 ,  0.0 ,  0.0 ,  2.7 ,  6.8 , 51.2 , 96.8 , 80.6 ,44.5  , 6.7  , 65.8 , 27   ,308   , 97.2 ,133.5 ,241.2 , 78.2 ,  0.0 ,  3.7 , 81.5 , 81.5 , 14.8 ,  0.0 ,  0.0 , 14.8 ,.     ,.     ,.     ,.     ,.     ,.     ,.     ,
ND,M,3,  1.6 ,  0.0 ,  6.3 ,  0.0 ,  0.0 , 46.1 ,  3.2 , 19.1 , 11.2 , 20.6 , 76.4 ,  3.3 , 25.4 ,  0.0 ,  0.0 , 25.4 , 71.3 ,  0.0 ,  8.0 , 85.6 ,  1.6 ,  0.0 , 87.2 ,  3.3 ,  1.6 , 0.3  ,.     ,.     ,51.3  ,163   ,55.3  ,20.9  , 12.5 ,  9.4 ,  4.8 , 38.1 , 23.9 , 30.2 , 3.4  , 14.3 ,  9.5 ,116   ,77.0  , 96.3 ,2.19  ,2.88  ,1.96  ,2.19  ,2.85  ,1.97  , 1.5  , 0.4  , 92.0 , 74.5 , 74.5 ,.     ,22.9  ,.     , 47.5 ,.     , 90.5 ,17.1  ,17.1  ,.     , 1.95 ,21.61 , 1.95 ,.     , 15.9 ,  1.6 ,  3.3 ,  0.0 ,  0.0 ,428.5 , 49.4 ,  0.0 ,  0.0 ,  0.0 ,  2.9 ,  7.3 , 46.0 , 92.2 , 74.7 ,38.3  , 7.7  , 56.0 , 28   ,297   , 87.1 ,153.0 ,168.1 , 54.9 ,  0.0 ,  5.9 , 77.3 , 78.8 , 14.8 ,  0.0 ,  0.0 , 14.8 ,.     ,.     ,.     ,.     ,.     ,.     ,.     ,
ND,F,1,  7.1 ,  0.0 ,  7.1 , 10.7 ,  0.0 , 42.9 , 10.7 , 10.7 ,  7.1 ,  7.1 , 75.0 ,  0.0 , 17.9 ,  0.0 ,  0.0 , 17.9 , 82.1 ,  0.0 , 25.0 , 71.4 ,  0.0 ,  0.0 , 71.4 ,  3.6 ,  0.0 ,.     , 2.9  ,.     ,50.4  ,154   ,50.9  ,21.3  , 32.1 , 14.3 ,  4.0 , 10.7 ,  7.1 ,  0.0 , 0.0  , 10.7 ,  3.6 ,118   ,75.8  , 97.1 ,1.80  ,2.26  ,1.83  ,1.82  ,2.28  ,1.84  , 0.9  , 0.1  , 10.7 , 10.7 ,.     , 10.7 ,.     ,17.7  ,.     , 10.7 , 10.7 , 1.9  ,.     , 1.9  , 0.00 , 2.24 ,.     , 0.00 ,  0.0 ,  0.0 ,  0.0 ,  0.0 ,  0.0 ,380.6 , 24.7 ,  0.0 ,  0.0 ,  0.0 ,  6.5 ,  1.1 , 39.4 , 92.9 , 75.0 ,31.7  , 7.8  , 38.9 , 41   ,275   , 86.8 ,133.7 ,143.6 , 31.7 ,  0.0 ,  0.0 , 73.1 , 73.1 , 11.5 ,  0.0 ,  0.0 , 11.5 ,15.9  ,27.9  , 4.2  ,50.0  ,6.0   ,1.7   ,4.5   ,
ND,F,2, 27.6 ,  0.0 ,  3.4 ,  3.4 ,  0.0 , 37.9 , 17.2 , 20.7 , 20.7 , 10.3 , 82.8 , 24.1 ,  0.0 ,  3.4 ,  0.0 ,  3.4 , 72.4 ,  0.0 , 27.6 , 69.0 ,  0.0 ,  0.0 , 69.0 ,  3.4 ,  0.0 ,.     , 2.7  ,.     ,48.0  ,154   ,50.9  ,21.5  ,  3.4 ,  0.0 ,  0.0 ,  3.4 ,  3.4 ,  3.4 , 0.3  ,  0.0 ,  0.0 ,119   ,77.2  , 97.9 ,1.82  ,2.16  ,1.96  ,1.87  ,2.21  ,2.03  , 2.7  , 0.0  , 13.8 , 13.8 ,.     , 13.8 ,.     ,43.0  ,.     ,  0.0 , 13.8 , 1.8  ,.     , 1.8  , 0.00 , 2.05 ,.     , 0.00 ,  0.0 ,  0.0 ,  0.0 ,  0.0 ,  0.0 ,385.5 , 36.8 ,  0.0 ,  0.0 ,  0.0 ,  1.9 , 10.2 , 45.2 ,100.0 , 79.3 ,39.0  , 6.2  , 48.5 , 32   ,280   , 74.1 , 96.8 ,202.8 , 48.4 ,  2.5 ,  3.6 , 57.1 , 60.7 ,  3.6 ,  0.0 ,  0.0 ,  3.6 ,16.6  ,26.6  , 4.2  ,48.0  ,5.8   ,2.6   ,3.2   ,
ND,F,3, 17.4 ,  0.0 ,  5.3 ,  7.0 ,  0.0 , 40.4 , 13.9 , 15.7 , 13.9 ,  8.7 , 78.9 , 12.1 ,  8.9 ,  1.7 ,  0.0 , 10.6 , 77.3 ,  0.0 , 26.3 , 70.2 ,  0.0 ,  0.0 , 70.2 ,  3.5 ,  0.0 ,.     , 2.8  ,.     ,49.2  ,154   ,50.9  ,21.4  , 17.8 ,  7.2 ,  2.0 ,  7.0 ,  5.3 ,  1.7 , 0.1  ,  5.3 ,  1.8 ,119   ,76.5  , 97.5 ,1.81  ,2.21  ,1.90  ,1.85  ,2.25  ,1.94  , 1.8  , 0.1  , 12.3 , 12.3 ,.     , 12.3 ,.     ,30.4  ,.     ,  5.3 , 12.3 , 1.9  ,.     , 1.9  , 0.00 , 2.15 ,.     , 0.00 ,  0.0 ,  0.0 ,  0.0 ,  0.0 ,  0.0 ,383.1 , 30.8 ,  0.0 ,  0.0 ,  0.0 ,  4.2 ,  5.6 , 42.3 , 96.5 , 77.2 ,35.4  , 7.0  , 43.7 , 37   ,278   , 80.5 ,115.3 ,173.2 , 40.0 ,  1.3 ,  1.8 , 65.1 , 66.9 ,  7.5 ,  0.0 ,  0.0 ,  7.5 ,16.3  ,27.3  , 4.2  ,49.0  ,5.9   ,2.1   ,3.9   ,
ND,T,1,.     ,.     ,.     ,.     ,.     ,.     ,.     ,.     ,.     ,.     ,.     ,.     ,.     ,.     ,.     ,.     ,.     ,.     ,.     ,.     ,.     ,.     ,.     ,.     ,.     ,.     ,.     , 29.5 ,.     ,.     ,.     ,.     ,.     ,.     ,.     ,.     ,.     ,.     ,.     ,.     ,.     ,.     ,.     ,.     ,.     ,.     ,.     ,.     ,.     ,.     ,.     ,.     ,.     ,.     ,.     ,.     ,.     ,.     ,.     ,.     ,.     ,.     ,.     ,.     ,.     ,.     ,.     ,.     ,.     ,.     ,.     ,.     ,.     ,.     ,.     ,.     ,.     ,.     ,.     ,.     ,.     ,.     ,.     ,.     ,.     ,.     ,.     ,.     ,.     ,.     ,.     ,.     ,.     ,.     ,.     ,.     ,.     ,.     ,.     ,.     ,.     ,.     ,.     ,.     ,.     ,.     ,.     ,
ND,T,2,.     ,.     ,.     ,.     ,.     ,.     ,.     ,.     ,.     ,.     ,.     ,.     ,.     ,.     ,.     ,.     ,.     ,.     ,.     ,.     ,.     ,.     ,.     ,.     ,.     ,.     ,.     , 44.9 ,.     ,.     ,.     ,.     ,.     ,.     ,.     ,.     ,.     ,.     ,.     ,.     ,.     ,.     ,.     ,.     ,.     ,.     ,.     ,.     ,.     ,.     ,.     ,.     ,.     ,.     ,.     ,.     ,.     ,.     ,.     ,.     ,.     ,.     ,.     ,.     ,.     ,.     ,.     ,.     ,.     ,.     ,.     ,.     ,.     ,.     ,.     ,.     ,.     ,.     ,.     ,.     ,.     ,.     ,.     ,.     ,.     ,.     ,.     ,.     ,.     ,.     ,.     ,.     ,.     ,.     ,.     ,.     ,.     ,.     ,.     ,.     ,.     ,.     ,.     ,.     ,.     ,.     ,.     ,
ND,T,3,  9.5 ,  0.0 ,  5.8 ,  3.5 ,  0.0 , 43.3 ,  8.6 , 17.4 , 12.6 , 14.6 , 77.6 ,  7.7 , 17.2 ,  0.8 ,  0.0 , 18.1 , 74.3 ,  0.0 , 17.2 , 77.9 ,  0.8 ,  0.0 , 78.7 ,  3.4 ,  0.8 ,.     ,.     , 37.2 ,50.3  ,158   ,53.1  ,21.2  , 15.2 ,  8.3 ,  3.4 , 22.6 , 14.6 , 15.9 , 1.8  ,  9.8 ,  5.7 ,117   ,76.7  , 96.9 ,2.00  ,2.54  ,1.93  ,2.02  ,2.55  ,1.95  , 1.7  , 0.2  , 52.1 , 43.4 ,.     ,.     ,.     ,.     ,.     ,.     , 51.4 , 9.5  ,.     ,.     , 0.97 ,11.88 ,.     ,.     ,  7.9 ,  0.8 ,  1.6 ,  0.0 ,  0.0 ,405.8 , 40.1 ,  0.0 ,  0.0 ,  0.0 ,  3.6 ,  6.5 , 44.1 , 94.3 , 75.9 ,36.8  , 7.3  , 49.9 , 32   ,287   , 83.8 ,134.1 ,170.6 , 47.5 ,  0.6 ,  3.8 , 71.2 , 72.8 , 11.2 ,  0.0 ,  0.0 , 11.2 ,.     ,.     ,.     ,.     ,.     ,.     ,.     ,
QA,M,1,  0.0 ,  0.0 ,  0.0 ,  0.0 ,  3.3 , 36.7 ,  0.0 , 16.7 , 10.0 , 36.7 , 63.3 ,  0.0 ,  0.0 ,100.0 ,  0.0 ,100.0 ,  0.0 ,  0.0 ,  0.0 ,  0.0 ,100.0 ,  0.0 ,100.0 ,  0.0 ,  0.0 , 0.3  ,.     ,.     ,53.4  ,160   ,53.1  ,20.6  , 10.0 ,  6.7 ,  6.9 , 16.7 , 13.3 , 10.0 , 1.8  , 10.0 ,  3.3 ,112   ,73.2  , 92.3 ,1.90  ,2.84  ,1.78  ,1.71  ,2.62  ,1.58  , 2.1  , 0.2  , 83.3 , 80.0 , 80.0 ,.     ,22.5  ,.     , 56.7 ,.     , 66.7 , 8.4  , 8.4  ,.     , 3.57 ,13.24 , 3.57 ,.     ,  6.7 , 13.3 ,  0.0 , 13.3 ,  0.0 ,457.1 , 46.7 ,  0.5 ,  0.0 ,  0.0 , 24.2 ,  6.6 , 40.5 ,  0.0 ,  0.0 ,16.5  ,24.0  , 92.1 ,  7   ,273   , 43.2 ,  5.5 , 66.4 , 16.4 ,  0.0 ,  0.0 , 87.5 , 87.5 ,  0.0 ,  0.0 ,  0.0 ,  0.0 ,.     ,.     ,.     ,.     ,.     ,.     ,.     ,
QA,M,2, 12.9 ,  0.0 ,  0.0 ,  0.0 ,  0.0 , 25.8 ,  6.5 , 16.1 ,  3.2 , 25.8 , 80.6 ,  0.0 ,  0.0 , 90.3 ,  0.0 , 90.3 ,  9.7 ,  0.0 ,  0.0 ,  0.0 ,100.0 ,  0.0 ,100.0 ,  0.0 ,  0.0 , 0.2  ,.     ,.     ,52.0  ,158   ,52.6  ,21.2  , 12.9 ,  0.0 ,  0.0 ,  9.7 ,  6.5 ,  9.7 , 0.4  ,  6.5 ,  6.5 ,108   ,71.7  , 89.8 ,2.14  ,2.70  ,2.02  ,1.98  ,2.47  ,1.93  , 1.7  , 0.0  , 90.3 , 90.3 , 90.3 ,.     ,21.0  ,.     , 71.0 ,.     , 51.6 , 8.0  , 8.0  ,.     ,14.98 ,24.23 ,14.98 ,.     ,  0.0 , 41.9 ,  0.0 ,  0.0 ,  0.0 ,457.1 , 43.9 ,  0.2 ,  0.2 ,  0.0 , 21.3 , 11.0 , 37.7 ,  0.0 ,  0.0 ,13.2  ,24.5  , 85.7 , 14   ,292   , 26.7 ,  3.7 , 62.7 , 15.5 ,  0.0 ,  0.0 , 96.6 , 96.6 ,  0.0 ,  0.0 ,  0.0 ,  0.0 ,.     ,.     ,.     ,.     ,.     ,.     ,.     ,
QA,M,3,  6.5 ,  0.0 ,  0.0 ,  0.0 ,  1.6 , 31.3 ,  3.3 , 16.4 ,  6.6 , 31.3 , 72.0 ,  0.0 ,  0.0 , 95.2 ,  0.0 , 95.2 ,  4.8 ,  0.0 ,  0.0 ,  0.0 ,100.0 ,  0.0 ,100.0 ,  0.0 ,  0.0 , 0.3  ,.     ,.     ,52.7  ,159   ,52.9  ,20.9  , 11.5 ,  3.4 ,  3.5 , 13.2 ,  9.9 ,  9.8 , 1.1  ,  8.3 ,  4.9 ,110   ,72.5  , 91.0 ,2.02  ,2.77  ,1.90  ,1.84  ,2.55  ,1.76  , 1.9  , 0.1  , 86.8 , 85.2 , 85.2 ,.     ,21.8  ,.     , 63.9 ,.     , 59.2 , 8.2  , 8.2  ,.     , 9.28 ,18.73 , 9.28 ,.     ,  3.4 , 27.6 ,  0.0 ,  6.7 ,  0.0 ,457.1 , 45.3 ,  0.4 ,  0.1 ,  0.0 , 22.8 ,  8.8 , 39.1 ,  0.0 ,  0.0 ,14.8  ,24.3  , 88.9 , 11   ,283   , 35.0 ,  4.6 , 64.6 , 15.9 ,  0.0 ,  0.0 , 92.0 , 92.0 ,  0.0 ,  0.0 ,  0.0 ,  0.0 ,.     ,.     ,.     ,.     ,.     ,.     ,.     ,
QA,F,1, 20.0 ,  0.0 ,  0.0 ,  0.0 ,  0.0 , 13.3 ,  3.3 ,  0.0 ,  0.0 , 10.0 , 53.3 ,  3.3 ,  0.0 , 86.7 ,  0.0 , 86.7 , 10.0 ,  0.0 ,  3.3 ,  0.0 , 93.3 ,  3.3 , 96.7 ,  0.0 ,  0.0 ,.     , 2.7  ,.     ,52.4  ,148   ,45.8  ,20.8  , 10.0 ,  3.3 ,  3.6 , 10.0 ,  3.3 ,  6.7 , 0.4  ,  3.3 ,  0.0 ,103   ,65.7  , 84.4 ,1.66  ,2.26  ,1.58  ,1.44  ,2.02  ,1.34  , 1.9  , 0.0  ,  0.0 ,  0.0 ,.     ,  0.0 ,.     ,  .   ,.     ,  0.0 ,  0.0 , 0.0  ,.     , 0.0  , 0.00 , 0.00 ,.     , 0.00 ,  0.0 ,  0.0 ,  0.0 ,  0.0 ,  0.0 ,385.4 , 60.1 ,  0.5 ,  0.0 ,  0.0 , 18.8 , 15.5 , 37.6 ,  0.0 ,  0.0 ,17.0  ,20.6  , 82.3 ,  6   ,294   , 24.8 ,  1.9 , 70.8 , 14.4 ,  0.0 ,  0.0 , 84.2 , 84.2 ,  0.0 ,  0.0 ,  0.0 ,  0.0 ,14.5  ,29.0  , 4.0  ,49.0  ,5.5   ,0.7   ,4.8   ,
QA,F,2, 16.7 ,  0.0 ,  0.0 ,  0.0 ,  0.0 , 13.3 ,  0.0 ,  6.7 ,  6.7 , 13.3 , 83.3 ,  0.0 ,  0.0 , 86.7 ,  0.0 , 86.7 , 13.3 ,  0.0 ,  0.0 ,  0.0 ,100.0 ,  0.0 ,100.0 ,  0.0 ,  0.0 ,.     , 2.8  ,.     ,52.1  ,150   ,47.6  ,21.2  , 23.3 , 13.3 ,  7.4 , 10.0 ,  6.7 , 10.0 , 0.6  ,  6.7 ,  3.3 ,105   ,71.1  , 88.1 ,1.42  ,1.98  ,1.36  ,1.26  ,1.79  ,1.18  , 1.3  , 0.2  ,  0.0 ,  0.0 ,.     ,  0.0 ,.     ,  .   ,.     ,  0.0 ,  0.0 , 0.0  ,.     , 0.0  , 0.00 , 0.00 ,.     , 0.00 ,  0.0 ,  0.0 ,  0.0 ,  0.0 ,  0.0 ,400.7 , 43.9 ,  0.0 ,  0.0 ,  0.0 , 26.2 , 14.8 , 37.8 ,  0.0 ,  0.0 ,12.4  ,25.4  , 96.8 , 11   ,303   , 25.0 ,  4.6 , 66.0 , 18.8 ,  0.8 ,  0.0 , 92.0 , 92.0 ,  0.0 ,  0.0 ,  0.0 ,  0.0 ,14.8  ,28.7  , 4.5  ,50.0  ,5.9   ,1.1   ,4.8   ,
QA,F,3, 18.4 ,  0.0 ,  0.0 ,  0.0 ,  0.0 , 13.3 ,  1.6 ,  3.4 ,  3.4 , 11.7 , 68.3 ,  1.6 ,  0.0 , 86.7 ,  0.0 , 86.7 , 11.7 ,  0.0 ,  1.6 ,  0.0 , 96.7 ,  1.6 , 98.4 ,  0.0 ,  0.0 ,.     , 2.8  ,.     ,52.3  ,149   ,46.7  ,21.0  , 16.7 ,  8.3 ,  5.5 , 10.0 ,  5.0 ,  8.3 , 0.5  ,  5.0 ,  1.6 ,104   ,68.4  , 86.3 ,1.54  ,2.12  ,1.47  ,1.35  ,1.91  ,1.26  , 1.6  , 0.1  ,  0.0 ,  0.0 ,.     ,  0.0 ,.     ,.     ,.     ,  0.0 ,  0.0 , 0.0  ,.     , 0.0  , 0.00 , 0.00 ,.     , 0.00 ,  0.0 ,  0.0 ,  0.0 ,  0.0 ,  0.0 ,393.1 , 52.0 ,  0.3 ,  0.0 ,  0.0 , 22.5 , 15.2 , 37.7 ,  0.0 ,  0.0 ,14.7  ,23.0  , 89.5 ,  9   ,299   , 24.9 ,  3.3 , 68.4 , 16.6 ,  0.4 ,  0.0 , 88.1 , 88.1 ,  0.0 ,  0.0 ,  0.0 ,  0.0 ,14.7  ,28.9  , 4.3  ,49.5  ,5.7   ,0.9   ,4.8   ,
QA,T,1,.     ,.     ,.     ,.     ,.     ,.     ,.     ,.     ,.     ,.     ,.     ,.     ,.     ,.     ,.     ,.     ,.     ,.     ,.     ,.     ,.     ,.     ,.     ,.     ,.     ,.     ,.     , 93.3 ,.     ,.     ,.     ,.     ,.     ,.     ,.     ,.     ,.     ,.     ,.     ,.     ,.     ,.     ,.     ,.     ,.     ,.     ,.     ,.     ,.     ,.     ,.     ,.     ,.     ,.     ,.     ,.     ,.     ,.     ,.     ,.     ,.     ,.     ,.     ,.     ,.     ,.     ,.     ,.     ,.     ,.     ,.     ,.     ,.     ,.     ,.     ,.     ,.     ,.     ,.     ,.     ,.     ,.     ,.     ,.     ,.     ,.     ,.     ,.     ,.     ,.     ,.     ,.     ,.     ,.     ,.     ,.     ,.     ,.     ,.     ,.     ,.     ,.     ,.     ,.     ,.     ,.     ,.     ,
QA,T,2,.     ,.     ,.     ,.     ,.     ,.     ,.     ,.     ,.     ,.     ,.     ,.     ,.     ,.     ,.     ,.     ,.     ,.     ,.     ,.     ,.     ,.     ,.     ,.     ,.     ,.     ,.     , 95.2 ,.     ,.     ,.     ,.     ,.     ,.     ,.     ,.     ,.     ,.     ,.     ,.     ,.     ,.     ,.     ,.     ,.     ,.     ,.     ,.     ,.     ,.     ,.     ,.     ,.     ,.     ,.     ,.     ,.     ,.     ,.     ,.     ,.     ,.     ,.     ,.     ,.     ,.     ,.     ,.     ,.     ,.     ,.     ,.     ,.     ,.     ,.     ,.     ,.     ,.     ,.     ,.     ,.     ,.     ,.     ,.     ,.     ,.     ,.     ,.     ,.     ,.     ,.     ,.     ,.     ,.     ,.     ,.     ,.     ,.     ,.     ,.     ,.     ,.     ,.     ,.     ,.     ,.     ,.     ,
QA,T,3, 12.4 ,  0.0 ,  0.0 ,  0.0 ,  0.8 , 22.3 ,  2.5 ,  9.9 ,  5.0 , 21.5 , 70.1 ,  0.8 ,  0.0 , 90.9 ,  0.0 , 90.9 ,  8.3 ,  0.0 ,  0.8 ,  0.0 , 98.3 ,  0.8 , 99.2 ,  0.0 ,  0.0 ,.     ,.     , 94.3 ,52.5  ,154   ,49.8  ,21.0  , 14.1 ,  5.8 ,  4.5 , 11.6 ,  7.5 ,  9.1 , 0.8  ,  6.6 ,  3.3 ,107   ,70.4  , 88.7 ,1.78  ,2.45  ,1.69  ,1.60  ,2.23  ,1.51  , 1.8  , 0.1  , 43.4 , 42.6 ,.     ,.     ,.     ,.     ,.     ,.     , 29.6 , 4.1  ,.     ,.     , 4.64 , 9.37 ,.     ,.     ,  1.7 , 13.8 ,  0.0 ,  3.3 ,  0.0 ,425.1 , 48.7 ,  0.3 ,  0.1 ,  0.0 , 22.6 , 12.0 , 38.4 ,  0.0 ,  0.0 ,14.8  ,23.6  , 89.2 , 10   ,291   , 29.9 ,  3.9 , 66.5 , 16.3 ,  0.2 ,  0.0 , 90.1 , 90.1 ,  0.0 ,  0.0 ,  0.0 ,  0.0 ,.     ,.     ,.     ,.     ,.     ,.     ,.     ,
QC,M,1,  3.0 ,  0.0 ,  0.0 ,  0.0 ,  0.0 , 45.5 ,  0.0 , 24.2 , 12.1 , 33.3 , 69.7 ,  0.0 ,  0.0 ,  0.0 , 69.7 , 69.7 , 30.3 ,  0.0 ,  0.0 ,  3.0 ,  0.0 , 93.9 , 97.0 ,  3.0 ,  0.0 , 1.5  ,.     ,.     ,52.8  ,162   ,51.5  ,19.7  , 15.2 ,  3.0 ,  3.4 , 21.2 ,  6.1 , 15.2 , 0.8  ,  6.1 ,  3.0 ,120   ,83.3  ,101.4 , .    , .    , .    , .    , .    , .    , 1.1  , 0.7  , 84.8 , 81.8 , 81.8 ,.     ,22.0  ,.     , 63.6 ,.     , 57.6 , 7.5  , 7.5  ,.     , 4.55 ,13.24 , 4.55 ,.     ,  3.0 , 27.3 ,  0.0 , 24.2 ,  0.0 ,503.8 , 80.4 ,  0.8 ,  0.8 ,  0.0 , 19.6 , 10.0 , 29.6 ,  0.0 ,  0.0 ,22.2  , 7.4  ,118.1 , 11   ,299   , 28.8 , 13.5 , 72.7 , 11.3 ,  0.0 ,  0.0 , 44.8 , 44.8 , 20.7 ,  0.0 ,  0.0 , 20.7 ,.     ,.     ,.     ,.     ,.     ,.     ,.     ,
QC,M,2,  3.1 ,  0.0 ,  0.0 ,  0.0 ,  0.0 , 25.0 ,  6.3 , 12.5 ,  9.4 , 15.6 , 65.6 ,  0.0 ,  0.0 ,  0.0 , 75.0 , 75.0 , 25.0 ,  0.0 ,  3.1 ,  6.3 ,  0.0 , 90.6 , 96.9 ,  0.0 ,  0.0 , 1.2  ,.     ,.     ,52.5  ,161   ,53.1  ,20.4  , 12.5 , 12.5 , 12.5 , 21.9 , 12.5 , 15.6 , 0.5  ,  0.0 ,  0.0 ,131   ,85.7  ,108.4 , .    , .    , .    , .    , .    , .    , 1.0  , 0.2  , 81.3 , 81.3 , 81.3 ,.     ,24.0  ,.     , 46.9 ,.     , 59.4 , 5.6  , 5.6  ,.     , 2.46 , 8.95 , 2.46 ,.     ,  3.1 , 15.6 ,  0.0 , 28.1 ,  0.0 ,482.4 , 78.1 ,  0.0 ,  0.6 ,  0.5 , 16.0 ,  9.3 , 27.7 ,  0.0 ,  0.0 ,20.5  , 7.2  , 89.5 , 12   ,265   , 32.7 , 16.4 , 69.4 , 20.6 ,  0.4 ,  8.3 , 54.2 , 62.5 , 12.5 ,  0.0 ,  0.0 , 12.5 ,.     ,.     ,.     ,.     ,.     ,.     ,.     ,
QC,M,3,  3.1 ,  0.0 ,  0.0 ,  0.0 ,  0.0 , 35.3 ,  3.1 , 18.4 , 10.8 , 24.4 , 67.7 ,  0.0 ,  0.0 ,  0.0 , 72.4 , 72.4 , 27.7 ,  0.0 ,  1.6 ,  4.7 ,  0.0 , 92.3 , 97.0 ,  1.5 ,  0.0 , 1.4  ,.     ,.     ,52.6  ,162   ,52.3  ,20.1  , 13.8 ,  7.8 ,  8.0 , 21.6 ,  9.3 , 15.4 , 0.7  ,  3.0 ,  1.5 ,126   ,84.5  ,104.9 ,.     ,.     ,.     ,.     ,.     ,.     , 1.1  , 0.5  , 83.0 , 81.5 , 81.5 ,.     ,23.0  ,.     , 55.3 ,.     , 58.5 , 6.5  , 6.5  ,.     , 3.50 ,11.10 , 3.50 ,.     ,  3.1 , 21.4 ,  0.0 , 26.2 ,  0.0 ,493.1 , 79.3 ,  0.4 ,  0.7 ,  0.3 , 17.8 ,  9.7 , 28.7 ,  0.0 ,  0.0 ,21.4  , 7.3  ,103.8 , 12   ,282   , 30.8 , 14.9 , 71.1 , 16.0 ,  0.2 ,  4.2 , 49.5 , 53.6 , 16.6 ,  0.0 ,  0.0 , 16.6 ,.     ,.     ,.     ,.     ,.     ,.     ,.     ,
QC,F,1, 16.7 ,  0.0 ,  3.3 ,  0.0 ,  0.0 ,  3.3 ,  0.0 ,  0.0 ,  0.0 , 23.3 , 66.7 ,  0.0 ,  3.3 ,  0.0 , 50.0 , 53.3 , 46.7 ,  0.0 ,  0.0 ,  0.0 ,  0.0 ,100.0 ,100.0 ,  0.0 ,  0.0 ,.     , 3.5  ,.     ,53.6  ,152   ,48.7  ,21.0  , 23.3 , 10.0 , 11.5 , 16.7 ,  0.0 , 13.3 , 0.7  , 10.0 ,  6.7 ,116   ,80.6  , 98.2 , .    , .    , .    , .    , .    , .    , 2.5  , 0.3  ,  3.3 ,  3.3 ,.     ,  3.3 ,.     ,60.0  ,.     ,  0.0 ,  3.3 , 0.1  ,.     , 0.1  , 0.00 , 0.11 ,.     , 0.00 ,  0.0 ,  0.0 ,  0.0 ,  0.0 ,  0.0 ,419.5 , 80.3 ,  0.0 ,  0.2 ,  0.3 , 17.7 , 13.6 , 30.5 ,  3.3 ,  0.0 ,22.7  , 7.8  ,131.4 , 17   ,284   , 42.6 , 11.1 , 78.4 , 13.6 ,  2.0 ,  0.0 , 56.5 , 56.5 , 26.1 ,  0.0 ,  0.0 , 26.1 ,16.3  ,28.7  , 3.9  ,48.0  ,5.2   ,1.2   ,4.0   ,
QC,F,2,  0.0 ,  0.0 ,  6.5 ,  0.0 ,  0.0 ,  0.0 ,  0.0 ,  0.0 ,  0.0 ,  3.2 , 64.5 ,  0.0 ,  0.0 ,  0.0 , 61.3 , 61.3 , 38.7 ,  0.0 ,  6.5 ,  0.0 ,  0.0 , 90.3 , 90.3 ,  3.2 ,  0.0 ,.     , 3.5  ,.     ,52.4  ,150   ,47.2  ,20.9  , 22.6 ,  6.5 ,  0.0 ,  3.2 ,  0.0 ,  3.2 , 0.3  ,  6.5 ,  3.2 ,119   ,75.6  , 97.2 , .    , .    , .    , .    , .    , .    , 0.7  , 0.3  ,  3.2 ,  0.0 ,.     ,  0.0 ,.     ,28.0  ,.     ,  0.0 ,  0.0 , 0.0  ,.     , 0.0  , 0.00 , 0.00 ,.     , 0.00 ,  0.0 ,  3.2 ,  0.0 ,  0.0 ,  0.0 ,468.5 , 75.0 ,  0.0 ,  0.8 ,  0.5 , 22.7 , 14.3 , 28.3 ,  0.0 ,  0.0 ,20.8  , 7.5  ,109.4 , 13   ,271   , 34.3 , 16.9 , 72.8 , 12.8 ,  0.0 ,  0.0 , 36.8 , 36.8 , 31.6 ,  0.0 ,  0.0 , 31.6 ,16.9  ,28.5  , 4.0  ,48.0  ,4.4   ,0.8   ,3.6   ,
QC,F,3,  8.3 ,  0.0 ,  4.9 ,  0.0 ,  0.0 ,  1.6 ,  0.0 ,  0.0 ,  0.0 , 13.3 , 65.6 ,  0.0 ,  1.6 ,  0.0 , 55.6 , 57.3 , 42.7 ,  0.0 ,  3.3 ,  0.0 ,  0.0 , 95.2 , 95.2 ,  1.6 ,  0.0 ,.     , 3.5  ,.     ,53.0  ,151   ,48.0  ,20.9  , 23.0 ,  8.3 ,  5.8 ,  9.9 ,  0.0 ,  8.3 , 0.5  ,  8.3 ,  5.0 ,118   ,78.1  , 97.7 ,.     ,.     ,.     ,.     ,.     ,.     , 1.6  , 0.3  ,  3.3 ,  1.6 ,.     ,  1.6 ,.     ,44.0  ,.     ,  0.0 ,  1.6 , 0.1  ,.     , 0.1  , 0.00 , 0.06 ,.     , 0.00 ,  0.0 ,  1.6 ,  0.0 ,  0.0 ,  0.0 ,444.0 , 77.7 ,  0.0 ,  0.5 ,  0.4 , 20.2 , 14.0 , 29.4 ,  1.6 ,  0.0 ,21.8  , 7.7  ,120.4 , 15   ,278   , 38.5 , 14.0 , 75.6 , 13.2 ,  1.0 ,  0.0 , 46.6 , 46.6 , 28.9 ,  0.0 ,  0.0 , 28.9 ,16.6  ,28.6  , 4.0  ,48.0  ,4.8   ,1.0   ,3.8   ,
QC,T,1,.     ,.     ,.     ,.     ,.     ,.     ,.     ,.     ,.     ,.     ,.     ,.     ,.     ,.     ,.     ,.     ,.     ,.     ,.     ,.     ,.     ,.     ,.     ,.     ,.     ,.     ,.     , 75.8 ,.     ,.     ,.     ,.     ,.     ,.     ,.     ,.     ,.     ,.     ,.     ,.     ,.     ,.     ,.     ,.     ,.     ,.     ,.     ,.     ,.     ,.     ,.     ,.     ,.     ,.     ,.     ,.     ,.     ,.     ,.     ,.     ,.     ,.     ,.     ,.     ,.     ,.     ,.     ,.     ,.     ,.     ,.     ,.     ,.     ,.     ,.     ,.     ,.     ,.     ,.     ,.     ,.     ,.     ,.     ,.     ,.     ,.     ,.     ,.     ,.     ,.     ,.     ,.     ,.     ,.     ,.     ,.     ,.     ,.     ,.     ,.     ,.     ,.     ,.     ,.     ,.     ,.     ,.     ,
QC,T,2,.     ,.     ,.     ,.     ,.     ,.     ,.     ,.     ,.     ,.     ,.     ,.     ,.     ,.     ,.     ,.     ,.     ,.     ,.     ,.     ,.     ,.     ,.     ,.     ,.     ,.     ,.     , 82.5 ,.     ,.     ,.     ,.     ,.     ,.     ,.     ,.     ,.     ,.     ,.     ,.     ,.     ,.     ,.     ,.     ,.     ,.     ,.     ,.     ,.     ,.     ,.     ,.     ,.     ,.     ,.     ,.     ,.     ,.     ,.     ,.     ,.     ,.     ,.     ,.     ,.     ,.     ,.     ,.     ,.     ,.     ,.     ,.     ,.     ,.     ,.     ,.     ,.     ,.     ,.     ,.     ,.     ,.     ,.     ,.     ,.     ,.     ,.     ,.     ,.     ,.     ,.     ,.     ,.     ,.     ,.     ,.     ,.     ,.     ,.     ,.     ,.     ,.     ,.     ,.     ,.     ,.     ,.     ,
QC,T,3,  5.7 ,  0.0 ,  2.5 ,  0.0 ,  0.0 , 18.4 ,  1.6 ,  9.2 ,  5.4 , 18.9 , 66.6 ,  0.0 ,  0.8 ,  0.0 , 64.0 , 64.8 , 35.2 ,  0.0 ,  2.4 ,  2.3 ,  0.0 , 93.7 , 96.1 ,  1.6 ,  0.0 ,.     ,.     , 79.2 ,52.8  ,156   ,50.1  ,20.5  , 18.4 ,  8.0 ,  6.9 , 15.8 ,  4.7 , 11.8 , 0.6  ,  5.7 ,  3.2 ,122   ,81.3  ,101.3 ,.     ,.     ,.     ,.     ,.     ,.     , 1.3  , 0.4  , 43.1 , 41.6 ,.     ,.     ,.     ,.     ,.     ,.     , 30.1 , 3.3  ,.     ,.     , 1.75 , 5.58 ,.     ,.     ,  1.5 , 11.5 ,  0.0 , 13.1 ,  0.0 ,468.6 , 78.5 ,  0.2 ,  0.6 ,  0.3 , 19.0 , 11.8 , 29.0 ,  0.8 ,  0.0 ,21.6  , 7.5  ,112.1 , 13   ,280   , 34.6 , 14.5 , 73.3 , 14.6 ,  0.6 ,  2.1 , 48.1 , 50.1 , 22.7 ,  0.0 ,  0.0 , 22.7 ,.     ,.     ,.     ,.     ,.     ,.     ,.     ,
RA,M,1,  0.0 ,  0.0 ,  0.0 ,  0.0 ,  0.0 , 36.7 ,  6.7 , 16.7 , 10.0 , 30.0 , 56.7 ,  0.0 ,  0.0 ,  0.0 ,100.0 ,100.0 ,  0.0 ,  0.0 ,  0.0 ,  0.0 ,  0.0 ,100.0 ,100.0 ,  0.0 ,  0.0 , 0.4  ,.     ,.     ,53.6  ,166   ,55.3  ,20.0  , 33.3 , 23.3 , 18.5 , 23.3 , 16.7 , 16.7 , 0.5  , 13.3 , 10.0 ,100   ,65.4  , 82.7 ,2.73  ,3.67  ,2.55  ,2.76  ,3.74  ,2.52  , 0.7  , 0.3  , 86.7 , 86.7 , 86.7 ,.     ,23.5  ,.     , 48.3 ,.     , 43.3 , 5.4  , 5.4  ,.     ,29.05 ,35.31 ,29.05 ,.     , 16.7 , 56.7 ,  6.7 , 10.0 ,  0.0 ,235.5 , 20.7 ,226.1 ,  0.0 ,  0.0 , 36.3 ,  0.0 , 20.0 ,  3.3 ,  0.0 ,19.8  , 0.2  ,117.6 ,186   ,147   , 26.3 ,  0.0 ,104.4 , 24.8 ,  0.0 ,   .  , 70.0 ,   .  ,  0.0 ,  0.0 ,  0.0 ,  0.0 ,.     ,.     ,.     ,.     ,.     ,.     ,.     ,
RA,M,2,  0.0 ,  2.6 ,  5.1 ,  0.0 ,  0.0 , 41.0 ,  5.1 , 23.1 , 12.8 , 25.6 , 56.4 ,  0.0 ,  0.0 ,  0.0 ,100.0 ,100.0 ,  0.0 ,  0.0 ,  0.0 ,  0.0 ,  0.0 ,100.0 ,100.0 ,  0.0 ,  0.0 , 0.5  ,.     ,.     ,50.8  ,163   ,55.7  ,21.0  , 30.8 , 15.4 , 12.1 , 20.5 , 12.8 , 12.8 , 1.4  ,  2.6 ,  0.0 ,108   ,70.1  , 88.9 ,2.49  ,3.36  ,2.40  ,2.44  ,3.29  ,2.38  , 0.7  , 0.2  , 84.6 , 84.6 , 84.6 ,.     ,21.2  ,.     , 65.8 ,.     , 38.5 , 5.3  , 5.3  ,.     ,26.37 ,32.46 ,26.37 ,.     , 17.9 , 33.3 , 12.8 ,  0.0 ,  0.0 ,365.9 , 11.7 ,136.9 ,  0.0 ,  0.6 , 23.7 ,  0.0 , 19.3 ,  0.0 ,  0.0 ,18.8  , 0.5  , 89.1 ,201   ,170   , 29.4 ,  0.0 ,118.2 ,  9.8 ,  0.0 ,   .  , 97.3 ,   .  ,  0.0 ,  0.0 ,  0.0 ,  0.0 ,.     ,.     ,.     ,.     ,.     ,.     ,.     ,
RA,M,3,  0.0 ,  1.3 ,  2.5 ,  0.0 ,  0.0 , 38.9 ,  5.9 , 19.9 , 11.4 , 27.8 , 56.6 ,  0.0 ,  0.0 ,  0.0 ,100.0 ,100.0 ,  0.0 ,  0.0 ,  0.0 ,  0.0 ,  0.0 ,100.0 ,100.0 ,  0.0 ,  0.0 , 0.5  ,.     ,.     ,52.2  ,165   ,55.5  ,20.5  , 32.0 , 19.4 , 15.3 , 21.9 , 14.8 , 14.8 , 0.9  ,  8.0 ,  5.0 ,104   ,67.8  , 85.8 ,2.61  ,3.52  ,2.48  ,2.60  ,3.52  ,2.45  , 0.7  , 0.3  , 85.7 , 85.7 , 85.7 ,.     ,22.4  ,.     , 57.0 ,.     , 40.9 , 5.4  , 5.4  ,.     ,27.71 ,33.89 ,27.71 ,.     , 17.3 , 45.0 ,  9.8 ,  5.0 ,  0.0 ,300.7 , 16.2 ,181.5 ,  0.0 ,  0.3 , 30.0 ,  0.0 , 19.7 ,  1.6 ,  0.0 ,19.3  , 0.4  ,103.3 ,194   ,159   , 27.9 ,  0.0 ,111.3 , 17.3 ,  0.0 ,.     , 83.7 ,.     ,  0.0 ,  0.0 ,  0.0 ,  0.0 ,.     ,.     ,.     ,.     ,.     ,.     ,.     ,
RA,F,1,  0.0 ,  0.0 ,  3.3 ,  0.0 ,  0.0 ,  6.7 ,  0.0 ,  0.0 ,  0.0 , 10.0 , 26.7 ,  0.0 ,  0.0 ,  0.0 ,100.0 ,100.0 ,  0.0 ,  0.0 ,  0.0 ,  0.0 ,  0.0 ,100.0 ,100.0 ,  0.0 ,  0.0 ,.     , 2.6  ,.     ,51.6  ,153   ,45.3  ,19.3  , 46.7 , 26.7 , 20.8 , 36.7 , 30.0 , 23.3 , 2.2  , 20.0 , 10.0 , 88   ,57.0  , 72.3 ,1.94  ,2.50  ,2.04  ,1.88  ,2.40  ,1.96  , 0.6  , 0.2  ,  3.3 ,  3.3 ,.     ,  3.3 ,.     ,26.0  ,.     ,  0.0 ,  0.0 , 0.0  ,.     , 0.0  , 0.71 , 0.71 ,.     , 0.71 ,  0.0 ,  3.3 ,  0.0 ,  0.0 ,  0.0 ,206.5 , 13.7 ,202.0 ,  0.0 ,  0.0 , 28.2 ,  0.9 , 18.4 ,  0.0 ,  0.0 ,18.0  , 0.4  , 84.1 ,229   ,139   , 20.9 ,  0.0 , 86.8 , 18.8 ,  0.4 ,   .  , 50.0 ,   .  ,  0.0 ,  0.0 ,  0.0 ,  0.0 ,17.3  ,28.5  , 3.9  ,51.0  ,6.8   ,0.8   ,6.1   ,
RA,F,2,  3.4 ,  0.0 ,  6.9 , 17.2 ,  3.4 ,  6.9 ,  0.0 ,  3.4 ,  0.0 , 17.2 , 44.8 ,  0.0 ,  0.0 ,  0.0 ,100.0 ,100.0 ,  0.0 ,  0.0 ,  0.0 ,  0.0 ,  0.0 ,100.0 ,100.0 ,  0.0 ,  0.0 ,.     , 2.7  ,.     ,50.9  ,152   ,50.4  ,21.6  , 34.5 , 24.1 , 11.5 , 20.7 , 13.8 ,  6.9 , 1.2  , 13.8 ,  6.9 , 98   ,65.1  , 81.4 ,1.95  ,2.55  ,1.84  ,1.91  ,2.51  ,1.81  , 1.1  , 0.1  ,  0.0 ,  0.0 ,.     ,  0.0 ,.     ,  .   ,.     ,  0.0 ,  0.0 , 0.0  ,.     , 0.0  , 0.00 , 0.00 ,.     , 0.00 ,  0.0 ,  0.0 ,  0.0 ,  0.0 ,  0.0 ,267.5 , 22.1 ,146.1 ,  0.0 ,  0.0 , 26.0 ,  2.8 , 17.4 ,  0.0 ,  0.0 ,17.4  , 0.0  , 81.7 ,236   ,177   ,  7.8 ,  0.0 , 93.1 ,  9.1 ,  0.0 ,   .  , 20.0 ,   .  ,  0.0 ,  0.0 ,  0.0 ,  0.0 ,17.2  ,28.8  , 4.2  ,52.0  ,7.2   ,1.1   ,6.1   ,
RA,F,3,  1.7 ,  0.0 ,  5.1 ,  8.6 ,  1.7 ,  6.8 ,  0.0 ,  1.7 ,  0.0 , 13.6 , 35.8 ,  0.0 ,  0.0 ,  0.0 ,100.0 ,100.0 ,  0.0 ,  0.0 ,  0.0 ,  0.0 ,  0.0 ,100.0 ,100.0 ,  0.0 ,  0.0 ,.     , 2.7  ,.     ,51.3  ,153   ,47.9  ,20.5  , 40.6 , 25.4 , 16.2 , 28.7 , 21.9 , 15.1 , 1.7  , 16.9 ,  8.5 , 93   ,61.0  , 76.9 ,1.95  ,2.52  ,1.94  ,1.90  ,2.46  ,1.89  , 0.9  , 0.2  ,  1.6 ,  1.6 ,.     ,  1.6 ,.     ,26.0  ,.     ,  0.0 ,  0.0 , 0.0  ,.     , 0.0  , 0.35 , 0.35 ,.     , 0.35 ,  0.0 ,  1.6 ,  0.0 ,  0.0 ,  0.0 ,237.0 , 17.9 ,174.1 ,  0.0 ,  0.0 , 27.1 ,  1.8 , 17.9 ,  0.0 ,  0.0 ,17.7  , 0.2  , 82.9 ,233   ,158   , 14.3 ,  0.0 , 90.0 , 14.0 ,  0.2 ,.     , 35.0 ,.     ,  0.0 ,  0.0 ,  0.0 ,  0.0 ,17.3  ,28.7  , 4.0  ,51.5  ,7.0   ,1.0   ,6.1   ,
RA,T,1,.     ,.     ,.     ,.     ,.     ,.     ,.     ,.     ,.     ,.     ,.     ,.     ,.     ,.     ,.     ,.     ,.     ,.     ,.     ,.     ,.     ,.     ,.     ,.     ,.     ,.     ,.     , 43.3 ,.     ,.     ,.     ,.     ,.     ,.     ,.     ,.     ,.     ,.     ,.     ,.     ,.     ,.     ,.     ,.     ,.     ,.     ,.     ,.     ,.     ,.     ,.     ,.     ,.     ,.     ,.     ,.     ,.     ,.     ,.     ,.     ,.     ,.     ,.     ,.     ,.     ,.     ,.     ,.     ,.     ,.     ,.     ,.     ,.     ,.     ,.     ,.     ,.     ,.     ,.     ,.     ,.     ,.     ,.     ,.     ,.     ,.     ,.     ,.     ,.     ,.     ,.     ,.     ,.     ,.     ,.     ,.     ,.     ,.     ,.     ,.     ,.     ,.     ,.     ,.     ,.     ,.     ,.     ,
RA,T,2,.     ,.     ,.     ,.     ,.     ,.     ,.     ,.     ,.     ,.     ,.     ,.     ,.     ,.     ,.     ,.     ,.     ,.     ,.     ,.     ,.     ,.     ,.     ,.     ,.     ,.     ,.     , 12.5 ,.     ,.     ,.     ,.     ,.     ,.     ,.     ,.     ,.     ,.     ,.     ,.     ,.     ,.     ,.     ,.     ,.     ,.     ,.     ,.     ,.     ,.     ,.     ,.     ,.     ,.     ,.     ,.     ,.     ,.     ,.     ,.     ,.     ,.     ,.     ,.     ,.     ,.     ,.     ,.     ,.     ,.     ,.     ,.     ,.     ,.     ,.     ,.     ,.     ,.     ,.     ,.     ,.     ,.     ,.     ,.     ,.     ,.     ,.     ,.     ,.     ,.     ,.     ,.     ,.     ,.     ,.     ,.     ,.     ,.     ,.     ,.     ,.     ,.     ,.     ,.     ,.     ,.     ,.     ,
RA,T,3,  0.8 ,  0.7 ,  3.8 ,  4.3 ,  0.8 , 22.8 ,  3.0 , 10.8 ,  5.7 , 20.7 , 46.2 ,  0.0 ,  0.0 ,  0.0 ,100.0 ,100.0 ,  0.0 ,  0.0 ,  0.0 ,  0.0 ,  0.0 ,100.0 ,100.0 ,  0.0 ,  0.0 ,.     ,.     , 27.9 ,51.7  ,159   ,51.7  ,20.5  , 36.3 , 22.4 , 15.7 , 25.3 , 18.3 , 14.9 , 1.3  , 12.4 ,  6.7 , 99   ,64.4  , 81.3 ,2.28  ,3.02  ,2.21  ,2.25  ,2.99  ,2.17  , 0.8  , 0.2  , 43.7 , 43.7 ,.     ,.     ,.     ,.     ,.     ,.     , 20.4 , 2.7  ,.     ,.     ,14.03 ,17.12 ,.     ,.     ,  8.7 , 23.3 ,  4.9 ,  2.5 ,  0.0 ,268.9 , 17.1 ,177.8 ,  0.0 ,  0.1 , 28.6 ,  0.9 , 18.8 ,  0.8 ,  0.0 ,18.5  , 0.3  , 93.1 ,213   ,158   , 21.1 ,  0.0 ,100.6 , 15.6 ,  0.1 ,.     , 59.3 ,.     ,  0.0 ,  0.0 ,  0.0 ,  0.0 ,.     ,.     ,.     ,.     ,.     ,.     ,.     ,
TD,M,1,  9.1 ,  0.0 ,  0.0 ,  0.0 ,  0.0 , 21.2 ,  6.1 , 15.2 ,  9.1 , 36.4 , 69.7 ,  0.0 ,  0.0 ,  0.0 ,  0.0 ,  0.0 ,100.0 ,  0.0 ,  0.0 , 12.1 ,  0.0 , 42.4 , 54.5 , 45.5 ,  0.0 , 1.1  ,.     ,.     ,54.2  ,166   ,56.5  ,20.5  , 21.2 , 12.1 , 13.3 , 24.2 ,  9.1 , 24.2 , 2.1  , 12.1 ,  6.1 ,118   ,75.6  , 96.8 ,2.62  ,3.48  ,2.27  ,2.58  ,3.45  ,2.17  , 1.4  , 0.6  , 87.9 , 87.9 , 87.9 ,.     ,27.3  ,.     , 36.4 ,.     , 66.7 , 7.5  , 7.5  ,.     , 3.68 ,12.37 , 3.68 ,.     ,  3.0 , 15.2 ,  0.0 , 12.1 ,  0.0 , 16.6 ,543.8 , 66.2 ,  0.0 ,  0.4 ,  0.6 , 23.0 , 19.5 ,  6.1 ,  0.0 , 6.1  ,13.4  , 62.5 , 19   ,185   , 52.1 ,  3.8 , 69.8 , 25.9 ,  6.0 , 60.0 , 68.8 , 60.0 ,  0.0 , 36.0 ,  4.0 ,  0.0 ,.     ,.     ,.     ,.     ,.     ,.     ,.     ,
TD,M,2,  2.9 ,  0.0 ,  0.0 ,  0.0 , 34.3 , 25.7 ,  2.9 , 14.3 ,  8.6 , 37.1 , 57.1 ,  0.0 ,  0.0 ,  0.0 ,  0.0 ,  0.0 ,100.0 ,  0.0 ,  5.7 ,  8.6 ,  0.0 , 20.0 , 28.6 , 65.7 ,  0.0 , 1.2  ,.     ,.     ,52.2  ,165   ,56.0  ,20.7  , 25.7 , 25.7 , 22.9 , 28.6 ,  0.0 , 22.9 , 1.8  , 28.6 , 14.3 ,110   ,71.8  , 91.1 ,2.92  ,3.87  ,2.49  ,2.99  ,3.96  ,2.57  , 1.0  , 0.4  , 77.1 , 71.4 , 71.4 ,.     ,28.0  ,.     , 22.9 ,.     , 62.9 , 5.3  , 5.3  ,.     , 3.47 , 9.59 , 3.47 ,.     ,  8.6 , 17.1 ,  0.0 ,  2.9 ,  0.0 , 13.9 ,591.0 , 75.5 ,  0.0 ,  0.0 ,  0.5 , 26.0 , 17.5 ,  5.7 ,  2.9 , 5.2  ,12.3  , 51.1 , 52   ,159   , 54.7 ,  0.4 , 42.5 , 18.5 ,  2.1 , 70.0 , 42.9 , 70.0 ,  8.7 , 21.9 ,  0.0 ,  8.7 ,.     ,.     ,.     ,.     ,.     ,.     ,.     ,
TD,M,3,  6.0 ,  0.0 ,  0.0 ,  0.0 , 17.1 , 23.4 ,  4.5 , 14.8 ,  8.8 , 36.8 , 63.4 ,  0.0 ,  0.0 ,  0.0 ,  0.0 ,  0.0 ,100.0 ,  0.0 ,  2.9 , 10.3 ,  0.0 , 31.2 , 41.6 , 55.6 ,  0.0 , 1.2  ,.     ,.     ,53.2  ,166   ,56.3  ,20.6  , 23.4 , 18.9 , 18.1 , 26.4 ,  4.5 , 23.6 , 2.0  , 20.4 , 10.2 ,114   ,73.7  , 94.0 ,2.77  ,3.68  ,2.38  ,2.79  ,3.71  ,2.37  , 1.2  , 0.5  , 82.5 , 79.7 , 79.7 ,.     ,27.7  ,.     , 29.6 ,.     , 64.8 , 6.4  , 6.4  ,.     , 3.58 ,10.98 , 3.58 ,.     ,  5.8 , 16.2 ,  0.0 ,  7.5 ,  0.0 , 15.3 ,567.4 , 70.9 ,  0.0 ,  0.2 ,  0.6 , 24.5 , 18.5 ,  5.9 ,  1.4 , 5.7  ,12.9  , 56.8 , 36   ,172   , 53.4 ,  2.1 , 56.1 , 22.2 ,  4.0 , 65.0 , 55.9 , 65.0 ,  4.3 , 28.9 ,  2.0 ,  4.3 ,.     ,.     ,.     ,.     ,.     ,.     ,.     ,
TD,F,1, 11.1 ,  0.0 ,  0.0 ,  0.0 ,  0.0 ,  0.0 ,  0.0 ,  0.0 ,  0.0 , 18.5 , 66.7 ,  0.0 ,  0.0 ,  0.0 ,  3.7 ,  3.7 , 96.3 ,  0.0 ,  3.7 ,  3.7 ,  0.0 , 70.4 , 74.1 , 22.2 ,  0.0 ,.     , 1.8  ,.     ,50.1  ,154   ,50.0  ,21.2  , 40.7 , 29.6 , 29.2 , 18.5 ,  3.7 , 14.8 , 1.2  , 33.3 , 18.5 ,115   ,75.4  , 95.1 ,2.07  ,2.55  ,2.00  ,2.12  ,2.62  ,2.07  , 1.7  , 0.7  , 18.5 , 18.5 ,.     , 18.5 ,.     ,44.8  ,.     ,  0.0 , 14.8 , 0.8  ,.     , 0.8  , 0.26 , 1.24 ,.     , 0.26 ,  0.0 ,  3.7 ,  0.0 ,  0.0 ,  0.0 , 19.2 ,480.0 , 49.7 ,  0.0 ,  0.0 ,  2.0 , 15.9 , 19.3 ,  0.0 ,  0.0 , 5.8  ,13.4  , 73.9 , 17   ,155   , 40.3 ,  0.0 , 51.4 , 16.4 , 19.6 , 83.3 , 33.3 , 83.3 ,  0.0 ,  0.0 ,  0.0 ,  0.0 ,16.2  ,27.0  , 4.6  ,50.0  ,4.0   ,0.3   ,3.7   ,
TD,F,2,  8.0 ,  0.0 ,  4.0 ,  0.0 , 28.0 , 16.0 ,  0.0 ,  8.0 ,  0.0 , 24.0 , 56.0 ,  0.0 ,  8.0 ,  0.0 ,  0.0 ,  8.0 , 92.0 ,  0.0 ,  4.0 , 12.0 ,  0.0 , 16.0 , 28.0 , 68.0 ,  0.0 ,.     , 1.8  ,.     ,51.0  ,156   ,51.8  ,21.4  , 32.0 , 32.0 , 28.0 , 24.0 ,  4.0 , 12.0 , 1.9  , 28.0 , 28.0 ,106   ,68.2  , 87.0 ,2.45  ,2.92  ,2.84  ,2.52  ,3.00  ,2.91  , 0.6  , 0.4  ,  8.0 ,  8.0 ,.     ,  8.0 ,.     ,34.0  ,.     ,  0.0 ,  8.0 , 0.2  ,.     , 0.2  , 0.00 , 0.26 ,.     , 0.00 ,  0.0 ,  0.0 ,  0.0 ,  0.0 ,  0.0 , 21.2 ,487.7 , 77.3 ,  0.0 ,  0.0 ,  0.5 , 23.6 , 16.4 ,  4.0 ,  0.0 , 4.2  ,12.3  , 75.3 , 64   ,189   , 85.6 ,  0.0 , 61.0 , 25.0 , 18.8 , 80.0 , 40.0 , 80.0 ,  0.0 , 23.5 ,  0.0 ,  0.0 ,15.1  ,26.7  , 4.4  ,50.0  ,4.4   ,0.3   ,4.2   ,
TD,F,3,  9.6 ,  0.0 ,  2.0 ,  0.0 , 14.0 ,  8.0 ,  0.0 ,  4.0 ,  0.0 , 21.3 , 61.4 ,  0.0 ,  4.0 ,  0.0 ,  1.9 ,  5.9 , 94.2 ,  0.0 ,  3.9 ,  7.9 ,  0.0 , 43.2 , 51.0 , 45.1 ,  0.0 ,.     , 1.8  ,.     ,50.6  ,155   ,50.9  ,21.3  , 36.4 , 30.8 , 28.6 , 21.3 ,  3.9 , 13.4 , 1.6  , 30.6 , 23.3 ,111   ,71.8  , 91.0 ,2.26  ,2.73  ,2.42  ,2.32  ,2.81  ,2.49  , 1.1  , 0.6  , 13.3 , 13.3 ,.     , 13.3 ,.     ,39.4  ,.     ,  0.0 , 11.4 , 0.5  ,.     , 0.5  , 0.13 , 0.75 ,.     , 0.13 ,  0.0 ,  1.9 ,  0.0 ,  0.0 ,  0.0 , 20.2 ,483.9 , 63.5 ,  0.0 ,  0.0 ,  1.3 , 19.8 , 17.9 ,  2.0 ,  0.0 , 5.0  ,12.9  , 74.6 , 41   ,172   , 62.9 ,  0.0 , 56.2 , 20.7 , 19.2 , 81.7 , 36.6 , 81.7 ,  0.0 , 11.8 ,  0.0 ,  0.0 ,15.7  ,26.9  , 4.5  ,50.0  ,4.2   ,0.3   ,4.0   ,
TD,T,1,.     ,.     ,.     ,.     ,.     ,.     ,.     ,.     ,.     ,.     ,.     ,.     ,.     ,.     ,.     ,.     ,.     ,.     ,.     ,.     ,.     ,.     ,.     ,.     ,.     ,.     ,.     ,  3.0 ,.     ,.     ,.     ,.     ,.     ,.     ,.     ,.     ,.     ,.     ,.     ,.     ,.     ,.     ,.     ,.     ,.     ,.     ,.     ,.     ,.     ,.     ,.     ,.     ,.     ,.     ,.     ,.     ,.     ,.     ,.     ,.     ,.     ,.     ,.     ,.     ,.     ,.     ,.     ,.     ,.     ,.     ,.     ,.     ,.     ,.     ,.     ,.     ,.     ,.     ,.     ,.     ,.     ,.     ,.     ,.     ,.     ,.     ,.     ,.     ,.     ,.     ,.     ,.     ,.     ,.     ,.     ,.     ,.     ,.     ,.     ,.     ,.     ,.     ,.     ,.     ,.     ,.     ,.     ,
TD,T,2,.     ,.     ,.     ,.     ,.     ,.     ,.     ,.     ,.     ,.     ,.     ,.     ,.     ,.     ,.     ,.     ,.     ,.     ,.     ,.     ,.     ,.     ,.     ,.     ,.     ,.     ,.     , 16.6 ,.     ,.     ,.     ,.     ,.     ,.     ,.     ,.     ,.     ,.     ,.     ,.     ,.     ,.     ,.     ,.     ,.     ,.     ,.     ,.     ,.     ,.     ,.     ,.     ,.     ,.     ,.     ,.     ,.     ,.     ,.     ,.     ,.     ,.     ,.     ,.     ,.     ,.     ,.     ,.     ,.     ,.     ,.     ,.     ,.     ,.     ,.     ,.     ,.     ,.     ,.     ,.     ,.     ,.     ,.     ,.     ,.     ,.     ,.     ,.     ,.     ,.     ,.     ,.     ,.     ,.     ,.     ,.     ,.     ,.     ,.     ,.     ,.     ,.     ,.     ,.     ,.     ,.     ,.     ,
TD,T,3,  7.8 ,  0.0 ,  1.0 ,  0.0 , 15.6 , 15.7 ,  2.3 ,  9.4 ,  4.4 , 29.0 , 62.4 ,  0.0 ,  2.0 ,  0.0 ,  0.9 ,  2.9 , 97.1 ,  0.0 ,  3.4 ,  9.1 ,  0.0 , 37.2 , 46.3 , 50.4 ,  0.0 ,.     ,.     ,  9.8 ,51.9  ,160   ,53.6  ,21.0  , 29.9 , 24.9 , 23.4 , 23.8 ,  4.2 , 18.5 , 1.8  , 25.5 , 16.7 ,112   ,72.8  , 92.5 ,2.52  ,3.21  ,2.40  ,2.55  ,3.26  ,2.43  , 1.2  , 0.5  , 47.9 , 46.5 ,.     ,.     ,.     ,.     ,.     ,.     , 38.1 , 3.5  ,.     ,.     , 1.85 , 5.87 ,.     ,.     ,  2.9 ,  9.0 ,  0.0 ,  3.8 ,  0.0 , 17.7 ,525.6 , 67.2 ,  0.0 ,  0.1 ,  0.9 , 22.1 , 18.2 ,  4.0 ,  0.7 , 5.3  ,12.9  , 65.7 , 38   ,172   , 58.2 ,  1.1 , 56.2 , 21.4 , 11.6 , 73.3 , 46.3 , 73.3 ,  2.2 , 20.4 ,  1.0 ,  2.2 ,.     ,.     ,.     ,.     ,.     ,.     ,.     ,
